"Normals:0","Normals:1","Normals:2","VELOCITY_1","VELOCITY_2","VELOCITY_3","VELOCITY_4","VELOCITY_5","VELOCITY_6","VELOCITY_7","VELOCITY_8","VELOCITY_9","VELOCITY_10","VELOCITY_11","VELOCITY_12","VELOCITY_13","VELOCITY_14","VELOCITY_15","VELOCITY_16","VELOCITY_17","VELOCITY_18","VELOCITY_19","VELOCITY_20","VELOCITY_21","CP_1","CP_2","CP_3","CP_4","CP_5","CP_6","CP_7","CP_8","CP_9","CP_10","CP_11","CP_12","CP_13","CP_14","CP_15","CP_16","CP_17","CP_18","CP_19","CP_20","CP_21","DIPOLE_1","DIPOLE_2","DIPOLE_3","DIPOLE_4","DIPOLE_5","DIPOLE_6","DIPOLE_7","DIPOLE_8","DIPOLE_9","DIPOLE_10","DIPOLE_11","DIPOLE_12","DIPOLE_13","DIPOLE_14","DIPOLE_15","DIPOLE_16","DIPOLE_17","DIPOLE_18","DIPOLE_19","DIPOLE_20","DIPOLE_21","SOURCE_1","SOURCE_2","SOURCE_3","SOURCE_4","SOURCE_5","SOURCE_6","SOURCE_7","SOURCE_8","SOURCE_9","SOURCE_10","SOURCE_11","SOURCE_12","SOURCE_13","SOURCE_14","SOURCE_15","SOURCE_16","SOURCE_17","SOURCE_18","SOURCE_19","SOURCE_20","SOURCE_21","Points:0","Points:1","Points:2"
0.096406,0,-0.00027549,6.1414,6.159,6.1747,6.1886,6.2006,6.2106,6.2188,6.2251,6.2295,6.232,6.2326,6.2313,6.2281,6.223,6.2161,6.2072,6.1964,6.1837,6.1692,6.1528,6.1345,-0.017771,-0.0214,-0.024649,-0.027508,-0.029982,-0.032036,-0.033709,-0.034963,-0.035821,-0.036274,-0.036319,-0.035958,-0.035196,-0.034024,-0.032457,-0.030473,-0.02811,-0.025346,-0.022169,-0.018626,-0.014669,-0.12732,-0.12772,-0.12809,-0.12842,-0.12871,-0.12896,-0.12917,-0.12934,-0.12947,-0.12957,-0.12962,-0.12963,-0.12961,-0.12954,-0.12944,-0.1293,-0.12911,-0.12889,-0.12863,-0.12833,-0.12799,0.58157,0.58324,0.58473,0.58605,0.58718,0.58814,0.58892,0.58952,0.58994,0.59018,0.59024,0.59012,0.58982,0.58934,0.58869,0.58785,0.58683,0.58564,0.58426,0.58271,0.58098,1,0,1.1102e-17
0.093454,0,-0.9956,6.7414,6.6986,6.654,6.6074,6.5593,6.5081,6.456,6.4009,6.3445,6.2863,6.2254,6.1636,6.0987,6.033,5.9648,5.8956,5.8237,5.7503,5.6761,5.599,5.5211,-0.2125,-0.19715,-0.18126,-0.16474,-0.14786,-0.12999,-0.11197,-0.093065,-0.073856,-0.054245,-0.033929,-0.013481,0.0077523,0.028991,0.050836,0.072736,0.095215,0.11788,0.1405,0.16368,0.18677,-1.5181,-1.3794,-1.2402,-1.1007,-0.96084,-0.82066,-0.68027,-0.53964,-0.39887,-0.25797,-0.11699,0.023993,0.16503,0.30599,0.44683,0.58757,0.72815,0.86846,1.0084,1.1482,1.2876,1.622,1.5187,1.4149,1.3108,1.2062,1.1012,0.99597,0.8904,0.78455,0.67846,0.57216,0.4657,0.35909,0.25236,0.14557,0.038727,-0.068127,-0.17496,-0.28174,-0.38843,-0.49501,0.99897,0,-9.6683e-05
0.093091,0,-0.99564,6.6649,6.6265,6.5863,6.5439,6.5003,6.4535,6.4059,6.3553,6.3032,6.2495,6.1932,6.1358,6.0755,6.0143,5.9507,5.8859,5.8186,5.7497,5.6801,5.6075,5.5341,-0.18505,-0.17143,-0.15726,-0.14244,-0.12725,-0.11108,-0.094727,-0.077501,-0.059936,-0.041944,-0.023247,-0.0043785,0.01528,0.035,0.055326,0.075768,0.096797,0.11804,0.13929,0.16115,0.18295,-1.5223,-1.3834,-1.2441,-1.1043,-0.96429,-0.8239,-0.6833,-0.54247,-0.40149,-0.26038,-0.11919,0.022012,0.16326,0.30443,0.44549,0.58644,0.72723,0.86775,1.0079,1.148,1.2876,1.6198,1.5165,1.4128,1.3086,1.204,1.0991,0.99377,0.88819,0.78233,0.67624,0.56994,0.46347,0.35686,0.25014,0.14334,0.036495,-0.070358,-0.17719,-0.28397,-0.39066,-0.49723,0.9959,0,-0.00038557
0.092491,0,-0.99569,6.624,6.5871,6.5484,6.5076,6.4654,6.4202,6.3741,6.3251,6.2746,6.2224,6.1677,6.1119,6.0533,5.9937,5.9317,5.8685,5.8028,5.7356,5.6675,5.5966,5.5248,-0.17056,-0.15756,-0.14399,-0.12978,-0.11519,-0.099654,-0.083892,-0.067293,-0.050333,-0.032936,-0.014857,0.0034279,0.022472,0.041618,0.061353,0.081233,0.10169,0.12238,0.1431,0.16441,0.1857,-1.5266,-1.3876,-1.2481,-1.1082,-0.96806,-0.82753,-0.6868,-0.54583,-0.40471,-0.26346,-0.12214,0.019204,0.16059,0.3019,0.4431,0.5842,0.72513,0.8658,1.0061,1.1463,1.2861,1.6162,1.5129,1.4092,1.305,1.2004,1.0954,0.99014,0.88454,0.77868,0.67258,0.56627,0.4598,0.35318,0.24645,0.13965,0.032809,-0.074043,-0.18087,-0.28765,-0.39434,-0.5009,0.99078,0,-0.00086323
0.091667,0,-0.99577,6.5791,6.5445,6.508,6.4694,6.4295,6.3866,6.3427,6.296,6.2478,6.1979,6.1456,6.092,6.0357,5.9784,5.9188,5.8579,5.7946,5.7297,5.6639,5.5953,5.5259,-0.15477,-0.14263,-0.12992,-0.11657,-0.10283,-0.088157,-0.073235,-0.057497,-0.041377,-0.024805,-0.0075681,0.0099124,0.028127,0.046487,0.065424,0.084545,0.10423,0.12417,0.14418,0.16477,0.18538,-1.5308,-1.3917,-1.2521,-1.1121,-0.97189,-0.83129,-0.69048,-0.54942,-0.40822,-0.26689,-0.12548,0.015949,0.15742,0.29882,0.44011,0.58129,0.72232,0.86308,1.0035,1.1438,1.2836,1.6114,1.508,1.4042,1.3,1.1954,1.0904,0.98513,0.87953,0.77365,0.66754,0.56123,0.45474,0.34812,0.24139,0.13459,0.027742,-0.079111,-0.18594,-0.29271,-0.39939,-0.50596,0.98365,0,-0.001524
0.090631,0,-0.99587,6.5389,6.5065,6.4724,6.4362,6.3985,6.358,6.3164,6.2721,6.2263,6.1788,6.1289,6.0777,6.0238,5.9689,5.9117,5.8532,5.7923,5.7299,5.6664,5.6003,5.5332,-0.14067,-0.12942,-0.11758,-0.10511,-0.092219,-0.078435,-0.064361,-0.049494,-0.034224,-0.018488,-0.0020973,0.01457,0.031951,0.049522,0.067657,0.086017,0.10493,0.12412,0.14342,0.1633,0.18323,-1.5345,-1.3953,-1.2557,-1.1158,-0.9755,-0.83488,-0.69404,-0.55297,-0.41174,-0.27039,-0.12895,0.012507,0.15401,0.29544,0.43676,0.57797,0.71902,0.85982,1.0003,1.1406,1.2805,1.6052,1.5019,1.398,1.2938,1.1892,1.0842,0.97885,0.87322,0.76733,0.66121,0.55488,0.44839,0.34176,0.23502,0.12822,0.021373,-0.085479,-0.19231,-0.29907,-0.40575,-0.5123,0.97453,0,-0.0023603
0.089399,0,-0.99598,6.5072,6.477,6.4449,6.4108,6.3753,6.337,6.2974,6.2554,6.2117,6.1663,6.1186,6.0695,6.0179,5.9652,5.9101,5.8538,5.7951,5.7349,5.6735,5.6096,5.5446,-0.12964,-0.11917,-0.10812,-0.096426,-0.084293,-0.071301,-0.057981,-0.043889,-0.029372,-0.014376,0.0012607,0.017209,0.033852,0.050724,0.068153,0.085839,0.10407,0.12261,0.14128,0.16052,0.17986,-1.5374,-1.3983,-1.2588,-1.1189,-0.97863,-0.83806,-0.69727,-0.55624,-0.41506,-0.27374,-0.13234,0.0090748,0.15053,0.29193,0.43321,0.57439,0.71541,0.85617,0.99661,1.1369,1.2767,1.5979,1.4945,1.3907,1.2864,1.1817,1.0767,0.97137,0.86573,0.75982,0.65368,0.54734,0.44084,0.3342,0.22746,0.12065,0.0138,-0.093052,-0.19987,-0.30664,-0.41331,-0.51985,0.96347,0,-0.0033627
0.087989,0,-0.9961,6.4863,6.4578,6.4274,6.395,6.3612,6.3246,6.2868,6.2465,6.2046,6.1609,6.115,6.0676,6.0178,5.9668,5.9135,5.8589,5.802,5.7435,5.6838,5.6216,5.5583,-0.12238,-0.11254,-0.10211,-0.091033,-0.079499,-0.067136,-0.054413,-0.040935,-0.027015,-0.0126,0.0024415,0.017824,0.033883,0.050208,0.06708,0.084242,0.10194,0.11996,0.13815,0.1569,0.17578,-1.5393,-1.4004,-1.261,-1.1212,-0.98106,-0.84061,-0.69994,-0.55903,-0.41797,-0.27677,-0.13549,0.0058117,0.14715,0.28843,0.4296,0.57067,0.71157,0.85223,0.99256,1.1327,1.2725,1.5895,1.4861,1.3822,1.2779,1.1732,1.0682,0.96281,0.85715,0.75122,0.64506,0.53871,0.43219,0.32554,0.2188,0.11198,0.0051325,-0.10172,-0.20854,-0.31529,-0.42195,-0.52848,0.9505,0,-0.00452
0.08642,0,-0.99624,6.4766,6.4494,6.4203,6.3891,6.3564,6.3211,6.2845,6.2454,6.2047,6.1622,6.1175,6.0714,6.0229,5.973,5.921,5.8675,5.8119,5.7546,5.6961,5.6351,5.573,-0.11905,-0.10965,-0.099649,-0.089001,-0.077876,-0.065946,-0.053626,-0.04057,-0.027056,-0.013036,0.0016011,0.016605,0.032265,0.048227,0.064726,0.081542,0.098877,0.11656,0.13443,0.15286,0.17144,-1.54,-1.4013,-1.2621,-1.1225,-0.98257,-0.84233,-0.70187,-0.56117,-0.42031,-0.27932,-0.13825,0.0028527,0.14399,0.28507,0.42604,0.5669,0.70761,0.84806,0.98821,1.1282,1.2677,1.5802,1.4768,1.3728,1.2685,1.1638,1.0587,0.95329,0.8476,0.74165,0.63547,0.5291,0.42257,0.31591,0.20916,0.10234,-0.0045103,-0.11136,-0.21817,-0.32492,-0.43157,-0.53809,0.93567,0,-0.0058201
0.084711,0,-0.99639,6.4779,6.4513,6.4228,6.3923,6.3602,6.3257,6.2897,6.2513,6.2113,6.1694,6.1254,6.0799,6.0321,5.9828,5.9315,5.8786,5.8237,5.767,5.7091,5.6488,5.5872,-0.11947,-0.11031,-0.10053,-0.090107,-0.07919,-0.06749,-0.055371,-0.042536,-0.029227,-0.015404,-0.00097391,0.013846,0.029306,0.045092,0.061406,0.078061,0.095222,0.11274,0.13047,0.14875,0.16719,-1.5392,-1.4008,-1.2619,-1.1226,-0.98299,-0.84306,-0.7029,-0.5625,-0.42195,-0.28126,-0.14049,0.0003099,0.14115,0.28192,0.42259,0.56316,0.70357,0.84373,0.98358,1.1232,1.2625,1.5701,1.4666,1.3626,1.2582,1.1535,1.0483,0.94291,0.8372,0.73122,0.62503,0.51864,0.41209,0.30542,0.19866,0.091837,-0.015014,-0.12186,-0.22867,-0.33541,-0.44205,-0.54855,0.91906,0,-0.0072495
0.082879,0,-0.99654,6.489,6.4626,6.4342,6.4039,6.3719,6.3374,6.3015,6.2633,6.2234,6.1816,6.1377,6.0923,6.0445,5.9953,5.9441,5.8913,5.8364,5.7799,5.722,5.6617,5.6002,-0.12333,-0.1142,-0.10445,-0.094046,-0.083138,-0.071465,-0.059351,-0.046537,-0.033236,-0.019411,-0.0049917,0.0098353,0.025288,0.041087,0.057401,0.074073,0.091247,0.10878,0.12655,0.14484,0.16332,-1.5367,-1.3987,-1.2602,-1.1213,-0.98216,-0.84264,-0.70289,-0.5629,-0.42276,-0.28248,-0.14211,-0.0017248,0.1387,0.27907,0.41934,0.5595,0.6995,0.83926,0.97872,1.118,1.2568,1.5592,1.4556,1.3516,1.2472,1.1424,1.0373,0.93179,0.82604,0.72004,0.61383,0.50742,0.40086,0.29418,0.18741,0.080581,-0.026272,-0.13312,-0.23992,-0.34665,-0.45328,-0.55976,0.90073,0,-0.0087941
0.080939,0,-0.9967,6.509,6.4822,6.4535,6.4227,6.3902,6.3554,6.3191,6.2804,6.2401,6.1978,6.1535,6.1076,6.0595,6.0098,5.9582,5.9049,5.8496,5.7925,5.7341,5.6734,5.6114,-0.13027,-0.12098,-0.11106,-0.10049,-0.089398,-0.077559,-0.065258,-0.052275,-0.038793,-0.024781,-0.010187,0.00483,0.020455,0.036447,0.052941,0.069804,0.087158,0.10487,0.12284,0.1413,0.15998,-1.5324,-1.3949,-1.257,-1.1186,-0.97994,-0.84094,-0.70171,-0.56225,-0.42263,-0.28287,-0.14304,-0.0031715,0.13673,0.27658,0.41632,0.55596,0.69544,0.83468,0.97362,1.1124,1.2507,1.5477,1.4441,1.34,1.2355,1.1307,1.0255,0.92001,0.81424,0.70821,0.60197,0.49555,0.38897,0.28228,0.1755,0.068667,-0.038187,-0.14503,-0.25183,-0.35855,-0.46516,-0.57163,0.88075,0,-0.010439
0.078904,0,-0.99687,6.5368,6.5091,6.4795,6.4478,6.4144,6.3787,6.3414,6.3019,6.2606,6.2174,6.1722,6.1253,6.0762,6.0256,5.973,5.9187,5.8624,5.8044,5.745,5.6833,5.6203,-0.13993,-0.1303,-0.12003,-0.10911,-0.097659,-0.085474,-0.07281,-0.059476,-0.045633,-0.031261,-0.016317,-0.00093593,0.015034,0.031382,0.048225,0.06544,0.083137,0.10119,0.11951,0.1383,0.1573,-1.5261,-1.3892,-1.2519,-1.1142,-0.97619,-0.83784,-0.69926,-0.56045,-0.42147,-0.28237,-0.14318,-0.0039636,0.13529,0.27449,0.41358,0.55257,0.69141,0.83,0.9683,1.1064,1.2441,1.5356,1.4319,1.3278,1.2233,1.1184,1.0132,0.90765,0.80185,0.69579,0.58953,0.48309,0.3765,0.26979,0.16301,0.056169,-0.050685,-0.15752,-0.26431,-0.37102,-0.47762,-0.58407,0.8592,0,-0.01217
0.076782,0,-0.99703,6.5713,6.5423,6.5113,6.4783,6.4435,6.4065,6.3678,6.3269,6.2842,6.2396,6.193,6.1447,6.0942,6.0421,5.9881,5.9324,5.8746,5.8152,5.7543,5.6912,5.6267,-0.152,-0.14185,-0.13106,-0.11962,-0.10764,-0.094939,-0.081744,-0.067892,-0.053526,-0.038629,-0.02317,-0.0072683,0.0092064,0.026066,0.04341,0.06113,0.079312,0.097849,0.11665,0.13591,0.15539,-1.5176,-1.3815,-1.245,-1.108,-0.9708,-0.83323,-0.69543,-0.5574,-0.41921,-0.28088,-0.14248,-0.0040452,0.13442,0.27284,0.41115,0.54936,0.68741,0.82523,0.96275,1.1001,1.237,1.523,1.4192,1.3151,1.2105,1.1056,1.0003,0.89476,0.78893,0.68285,0.57656,0.4701,0.36349,0.25677,0.14998,0.043138,-0.063716,-0.17055,-0.27733,-0.38403,-0.49061,-0.59704,0.83618,0,-0.01397
0.074576,0,-0.9972,6.6118,6.581,6.5482,6.5135,6.4769,6.4381,6.3975,6.3548,6.3103,6.2638,6.2154,6.1652,6.1129,6.059,6.0031,5.9455,5.8859,5.8246,5.7618,5.6968,5.6304,-0.16624,-0.15541,-0.14394,-0.13182,-0.11914,-0.10576,-0.091876,-0.077347,-0.062301,-0.046726,-0.030598,-0.014026,0.0031035,0.020622,0.038612,0.056973,0.07578,0.094934,0.11436,0.13421,0.15429,-1.5069,-1.3717,-1.236,-1.1,-0.96367,-0.82702,-0.69014,-0.55303,-0.41576,-0.27836,-0.14088,-0.0033706,0.13417,0.27166,0.40905,0.54633,0.68346,0.82036,0.95696,1.0934,1.2294,1.5098,1.406,1.3018,1.1972,1.0923,0.98697,0.88136,0.77549,0.66938,0.56307,0.45659,0.34997,0.24324,0.13644,0.029592,-0.077261,-0.18409,-0.29086,-0.39755,-0.50411,-0.61052,0.81177,0,-0.015825
0.072284,0,-0.99737,6.6576,6.6247,6.5898,6.5528,6.514,6.473,6.4302,6.3853,6.3385,6.2899,6.2392,6.1867,6.1322,6.076,6.0178,5.9579,5.8961,5.8325,5.7673,5.7001,5.6314,-0.18247,-0.1708,-0.15849,-0.14553,-0.13201,-0.1178,-0.10307,-0.087716,-0.071842,-0.055444,-0.038502,-0.021117,-0.0031947,0.01512,0.033887,0.05302,0.072581,0.092479,0.11264,0.13321,0.15398,-1.4937,-1.3595,-1.2249,-1.09,-0.95471,-0.81912,-0.68331,-0.54727,-0.41107,-0.27474,-0.13834,-0.0019006,0.13457,0.27098,0.4073,0.54351,0.67956,0.81538,0.95092,1.0862,1.2212,1.4962,1.3924,1.2881,1.1834,1.0784,0.97307,0.86743,0.76153,0.65539,0.54906,0.44255,0.33592,0.22918,0.12237,0.015519,-0.091333,-0.19816,-0.30492,-0.41159,-0.51814,-0.62453,0.78609,0,-0.017719
0.069897,0,-0.99754,6.7082,6.6728,6.6353,6.5958,6.5545,6.5109,6.4655,6.418,6.3686,6.3174,6.2641,6.209,6.1518,6.0929,6.0321,5.9696,5.9051,5.8388,5.771,5.7011,5.6297,-0.20052,-0.18787,-0.17457,-0.16062,-0.14612,-0.13093,-0.11522,-0.098889,-0.082046,-0.064686,-0.046796,-0.028466,-0.0096187,0.0096157,0.029286,0.049317,0.069749,0.090505,0.11151,0.1329,0.15448,-1.478,-1.345,-1.2116,-1.0779,-0.94383,-0.80946,-0.67487,-0.54006,-0.40509,-0.26999,-0.13481,0.00039728,0.13563,0.27081,0.4059,0.54088,0.6757,0.81029,0.9446,1.0787,1.2124,1.482,1.3781,1.2738,1.1691,1.064,0.95861,0.85293,0.74699,0.64083,0.53446,0.42794,0.32129,0.21454,0.10772,0.00086798,-0.10598,-0.2128,-0.31955,-0.42621,-0.53274,-0.6391,0.75923,0,-0.019637
0.067401,0,-0.99771,6.7634,6.7251,6.6847,6.6423,6.598,6.5515,6.5032,6.4527,6.4004,6.3461,6.2898,6.2317,6.1716,6.1097,6.0459,5.9803,5.9128,5.8435,5.7726,5.6997,5.6253,-0.22034,-0.20656,-0.19212,-0.17704,-0.16139,-0.14508,-0.12824,-0.1108,-0.092855,-0.074396,-0.055424,-0.036019,-0.016114,0.0041646,0.024859,0.045903,0.067325,0.089048,0.11101,0.13332,0.15581,-1.4596,-1.328,-1.196,-1.0636,-0.93097,-0.79798,-0.66477,-0.53134,-0.39776,-0.26405,-0.13027,0.0035477,0.13739,0.27117,0.40486,0.53845,0.67188,0.80508,0.938,1.0707,1.2031,1.4671,1.3631,1.2588,1.154,1.0489,0.94347,0.83776,0.73178,0.62559,0.5192,0.41266,0.30599,0.19922,0.0924,-0.014452,-0.1213,-0.22811,-0.33485,-0.44149,-0.548,-0.65433,0.7313,0,-0.021562
0.064774,0,-0.99789,6.8229,6.7813,6.7377,6.6921,6.6445,6.5947,6.5431,6.4893,6.4336,6.376,6.3164,6.2549,6.1914,6.1262,6.059,5.99,5.9191,5.8465,5.7722,5.696,5.6181,-0.24192,-0.22684,-0.21112,-0.19475,-0.17782,-0.16023,-0.14213,-0.12344,-0.10424,-0.08455,-0.064361,-0.043752,-0.022665,-0.0012168,0.020622,0.042791,0.065316,0.088118,0.11114,0.13447,0.15797,-1.4386,-1.3085,-1.178,-1.0472,-0.91607,-0.78462,-0.65296,-0.52108,-0.38906,-0.25691,-0.12468,0.0075698,0.13984,0.27207,0.40419,0.53621,0.66808,0.79971,0.93108,1.0622,1.193,1.4515,1.3474,1.243,1.1382,1.033,0.92755,0.82179,0.71578,0.60955,0.50314,0.39658,0.28989,0.18312,0.076285,-0.030568,-0.13741,-0.24421,-0.35094,-0.45756,-0.56405,-0.67036,0.70242,0,-0.023477
0.06199,0,-0.99807,6.8867,6.8416,6.7944,6.7451,6.6939,6.6405,6.5852,6.5278,6.4684,6.4071,6.3438,6.2786,6.2114,6.1424,6.0715,5.9988,5.9242,5.8478,5.7698,5.6898,5.6083,-0.26526,-0.24874,-0.23157,-0.21376,-0.1954,-0.1764,-0.15688,-0.13679,-0.11621,-0.095152,-0.073614,-0.051671,-0.02928,-0.00654,0.016563,0.039975,0.063708,0.087697,0.11187,0.13632,0.16091,-1.4148,-1.2864,-1.1576,-1.0285,-0.89906,-0.76934,-0.63939,-0.50924,-0.37895,-0.24853,-0.11804,0.012478,0.14301,0.2735,0.40388,0.53416,0.66429,0.79419,0.92382,1.0532,1.1823,1.4349,1.3308,1.2263,1.1214,1.0162,0.91066,0.80486,0.69882,0.59256,0.48612,0.37953,0.27283,0.16604,0.059208,-0.047647,-0.15449,-0.26128,-0.36799,-0.47459,-0.58105,-0.68733,0.67271,0,-0.025368
0.059016,0,-0.99825,6.9548,6.9057,6.8546,6.8014,6.7462,6.6888,6.6295,6.568,6.5047,6.4393,6.372,6.3027,6.2315,6.1584,6.0834,6.0066,5.9279,5.8475,5.7654,5.6813,5.5956,-0.29041,-0.27227,-0.25351,-0.23411,-0.21415,-0.19358,-0.17251,-0.15087,-0.12877,-0.1062,-0.083172,-0.059762,-0.035935,-0.011781,0.012707,0.037475,0.06253,0.087809,0.11325,0.13891,0.16469,-1.3881,-1.2616,-1.1347,-1.0075,-0.87992,-0.75209,-0.62404,-0.49579,-0.3674,-0.23889,-0.11032,0.018283,0.1469,0.27547,0.40393,0.53229,0.6605,0.78848,0.9162,1.0437,1.1708,1.4171,1.313,1.2084,1.1035,0.99819,0.89262,0.78677,0.68069,0.5744,0.46793,0.36132,0.2546,0.14781,0.040966,-0.065888,-0.17272,-0.2795,-0.3862,-0.49278,-0.59921,-0.70545,0.64229,0,-0.027215
0.055814,0,-0.99843,7.0272,6.9739,6.9185,6.8609,6.8014,6.7397,6.676,6.6101,6.5424,6.4726,6.4008,6.3272,6.2515,6.1739,6.0945,6.0133,5.9301,5.8452,5.7586,5.6701,5.58,-0.31744,-0.29752,-0.27698,-0.25582,-0.23411,-0.2118,-0.189,-0.16567,-0.14189,-0.11766,-0.093006,-0.067993,-0.042591,-0.016894,0.0091035,0.035346,0.061837,0.088515,0.11531,0.1423,0.16935,-1.3586,-1.2341,-1.1093,-0.98408,-0.85861,-0.73285,-0.60688,-0.48072,-0.35441,-0.228,-0.10152,0.024985,0.1515,0.27797,0.40433,0.53059,0.65669,0.78257,0.90819,1.0336,1.1586,1.398,1.2938,1.1891,1.0841,0.97881,0.87318,0.76729,0.66117,0.55484,0.44835,0.34172,0.23498,0.12817,0.021326,-0.085527,-0.19235,-0.29912,-0.4058,-0.51235,-0.61875,-0.72496,0.61128,0,-0.029001
0.052339,0,-0.99862,7.1043,7.0463,6.9862,6.9239,6.8597,6.7932,6.7247,6.6541,6.5816,6.507,6.4304,6.3519,6.2714,6.189,6.1048,6.0187,5.9307,5.8409,5.7495,5.6562,5.5612,-0.34649,-0.3246,-0.3021,-0.27898,-0.25535,-0.23112,-0.20643,-0.18124,-0.15561,-0.12957,-0.10313,-0.076367,-0.049252,-0.021874,0.0057601,0.033607,0.061651,0.089844,0.11811,0.14651,0.17493,-1.3261,-1.2039,-1.0813,-0.95833,-0.83511,-0.7116,-0.5879,-0.46401,-0.33998,-0.21584,-0.091642,0.032578,0.15681,0.28098,0.40506,0.52902,0.65284,0.77643,0.89976,1.0229,1.1457,1.3773,1.2729,1.1682,1.0632,0.95777,0.85209,0.74615,0.63999,0.53362,0.4271,0.32044,0.21369,0.10687,2.2516e-05,-0.10683,-0.21365,-0.3204,-0.42705,-0.53358,-0.63994,-0.74611,0.57982,0,-0.030709
0.048546,0,-0.99881,7.186,7.123,7.0578,6.9904,6.921,6.8494,6.7758,6.7,6.6222,6.5425,6.4607,6.3769,6.2912,6.2036,6.1141,6.0228,5.9295,5.8345,5.7378,5.6392,5.539,-0.37767,-0.35361,-0.32893,-0.30367,-0.27791,-0.25159,-0.22482,-0.19758,-0.16994,-0.14191,-0.11354,-0.084864,-0.055885,-0.026683,0.0027276,0.032303,0.062032,0.091848,0.1217,0.15162,0.1815,-1.2908,-1.1709,-1.0507,-0.93021,-0.80942,-0.68836,-0.5671,-0.44566,-0.3241,-0.20243,-0.080699,0.041047,0.1628,0.28449,0.40609,0.52758,0.64891,0.77003,0.89089,1.0115,1.1318,1.3546,1.2502,1.1454,1.0403,0.9348,0.82906,0.72307,0.61686,0.51045,0.4039,0.29722,0.19045,0.083622,-0.023231,-0.13008,-0.23688,-0.34362,-0.45025,-0.55674,-0.66306,-0.76918,0.54803,0,-0.032318
0.044383,0,-0.999,7.2727,7.2042,7.1335,7.0605,6.9856,6.9084,6.8291,6.7477,6.6643,6.5789,6.4915,6.4021,6.3107,6.2174,6.1222,6.0252,5.9263,5.8256,5.7232,5.6189,5.5131,-0.4111,-0.38463,-0.35757,-0.32996,-0.30185,-0.27323,-0.24419,-0.21471,-0.18487,-0.15468,-0.12418,-0.093437,-0.062433,-0.031255,8.0124e-05,0.031523,0.063063,0.094627,0.12617,0.15771,0.18916,-1.2525,-1.1352,-1.0176,-0.89972,-0.78155,-0.66312,-0.5445,-0.42571,-0.3068,-0.18778,-0.068715,0.050366,0.16945,0.28848,0.4074,0.52622,0.64488,0.76333,0.88152,0.99949,1.1171,1.3297,1.2252,1.1203,1.0151,0.90958,0.80377,0.69773,0.59147,0.48502,0.37844,0.27173,0.16495,0.058109,-0.048745,-0.15558,-0.26238,-0.36909,-0.47569,-0.58214,-0.68842,-0.79449,0.51604,0,-0.03381
0.039797,0,-0.9992,7.3645,7.29,7.2133,7.1344,7.0534,6.9701,6.8848,6.7973,6.7078,6.6163,6.5227,6.4272,6.3296,6.2302,6.1288,6.0256,5.9206,5.8137,5.7052,5.5948,5.4828,-0.44695,-0.41783,-0.38814,-0.35792,-0.32725,-0.2961,-0.26456,-0.23263,-0.20038,-0.16783,-0.13503,-0.10202,-0.068819,-0.035499,-0.0020862,0.031376,0.064859,0.09831,0.13166,0.16494,0.19804,-1.2113,-1.0968,-0.98201,-0.86689,-0.75153,-0.63593,-0.52013,-0.40418,-0.28811,-0.17194,-0.055726,0.060499,0.17672,0.29289,0.40895,0.5249,0.6407,0.75628,0.87162,0.98673,1.1015,1.3023,1.1977,1.0927,0.98738,0.88178,0.77591,0.6698,0.56349,0.45701,0.35039,0.24366,0.13686,0.030011,-0.076843,-0.18367,-0.29045,-0.39713,-0.5037,-0.61011,-0.71634,-0.82234,0.48398,0,-0.035164
0.034755,0,-0.99939,7.4618,7.3808,7.2976,7.2121,7.1246,7.0347,6.9428,6.8487,6.7526,6.6544,6.5542,6.452,6.3477,6.2416,6.1336,6.0237,5.9119,5.7984,5.6832,5.5661,5.4474,-0.48544,-0.45337,-0.42078,-0.38769,-0.35419,-0.32024,-0.28596,-0.25134,-0.21645,-0.18133,-0.146,-0.11054,-0.074946,-0.039303,-0.003641,0.031998,0.067581,0.10305,0.13834,0.17347,0.20834,-1.1672,-1.0557,-0.94391,-0.83178,-0.71942,-0.60682,-0.49405,-0.38112,-0.26808,-0.15495,-0.041785,0.071392,0.18456,0.29767,0.41068,0.52357,0.63631,0.74884,0.86113,0.97319,1.0849,1.2721,1.1673,1.0623,0.95688,0.8512,0.74525,0.63908,0.53272,0.42619,0.31954,0.21278,0.10597,-0.00088447,-0.10773,-0.21455,-0.3213,-0.42796,-0.53448,-0.64084,-0.74701,-0.85295,0.45199,0,-0.036362
0.02921,0,-0.99956,7.5651,7.477,7.3867,7.2942,7.1994,7.1025,7.0033,6.9021,6.7987,6.6933,6.5858,6.4764,6.3649,6.2515,6.1362,6.019,5.9,5.7792,5.6567,5.5324,5.4065,-0.52685,-0.49152,-0.4557,-0.41944,-0.3828,-0.34579,-0.30849,-0.27091,-0.23313,-0.19518,-0.1571,-0.11895,-0.08076,-0.042596,-0.0044953,0.033494,0.071338,0.10897,0.14634,0.18344,0.22019,-1.1204,-1.0121,-0.9034,-0.79445,-0.68528,-0.57588,-0.46631,-0.3566,-0.24679,-0.13689,-0.026958,0.082978,0.1929,0.30277,0.41252,0.52217,0.63166,0.74094,0.84999,0.95881,1.0673,1.2388,1.134,1.0288,0.92332,0.81755,0.71153,0.6053,0.49888,0.39231,0.28562,0.17884,0.072008,-0.034846,-0.14169,-0.24849,-0.35521,-0.46183,-0.56831,-0.67461,-0.78071,-0.88657,0.42019,0,-0.037383
0.023084,0,-0.99972,7.6749,7.5792,7.4811,7.3808,7.2783,7.1735,7.0666,6.9574,6.8462,6.7329,6.6175,6.5002,6.3808,6.2595,6.1363,6.0112,5.8843,5.7556,5.6252,5.493,5.3592,-0.57151,-0.53255,-0.49315,-0.45336,-0.41326,-0.37285,-0.33222,-0.29139,-0.25042,-0.20937,-0.16828,-0.12721,-0.086177,-0.045271,-0.0045277,0.036002,0.076283,0.11624,0.15583,0.19504,0.23377,-1.0709,-0.96588,-0.86056,-0.75498,-0.64918,-0.54317,-0.43701,-0.3307,-0.2243,-0.11782,-0.01132,0.095185,0.20167,0.3081,0.41442,0.52062,0.62667,0.73252,0.83813,0.94351,1.0486,1.202,1.0971,0.9918,0.88621,0.78035,0.67425,0.56795,0.46147,0.35485,0.24813,0.14133,0.034485,-0.072369,-0.1792,-0.28598,-0.39267,-0.49924,-0.60566,-0.71189,-0.81791,-0.92368,0.38872,0,-0.03821
0.016298,0,-0.99986,7.7918,7.6876,7.5812,7.4723,7.3613,7.248,7.1325,7.0148,6.895,6.773,6.649,6.5231,6.395,6.2651,6.1332,5.9995,5.8639,5.7266,5.5876,5.4468,5.3043,-0.61975,-0.57674,-0.53335,-0.48964,-0.44569,-0.40151,-0.35719,-0.31276,-0.26829,-0.22383,-0.17943,-0.13515,-0.091026,-0.047135,-0.003525,0.039756,0.082661,0.12512,0.16708,0.20853,0.24937,-1.0188,-0.91729,-0.81551,-0.71348,-0.61124,-0.50881,-0.40623,-0.30352,-0.20072,-0.097851,0.0050387,0.10792,0.21079,0.31358,0.41628,0.51885,0.62127,0.72349,0.82548,0.92724,1.0287,1.1613,1.0562,0.95077,0.84507,0.73912,0.63294,0.52656,0.42003,0.31337,0.20661,0.099786,-0.0070648,-0.11391,-0.22073,-0.32748,-0.43412,-0.54064,-0.64699,-0.75314,-0.85907,-0.96473,0.35771,0,-0.038825
0.0087885,0,-0.99995,7.9164,7.8031,7.6873,7.5692,7.4488,7.3261,7.2012,7.0741,6.9448,6.8135,6.68,6.5445,6.407,6.2676,6.1263,5.9831,5.838,5.6912,5.5428,5.3925,5.2407,-0.672,-0.62444,-0.57659,-0.52849,-0.48026,-0.43188,-0.38347,-0.33505,-0.2867,-0.23848,-0.19043,-0.14264,-0.095128,-0.047982,-0.0012535,0.045007,0.090744,0.13589,0.18039,0.22421,0.26728,-0.96423,-0.86644,-0.76838,-0.67008,-0.57159,-0.47291,-0.3741,-0.27516,-0.17615,-0.077081,0.022007,0.12109,0.22014,0.31912,0.418,0.51676,0.61537,0.71377,0.81195,0.90991,1.0076,1.1161,1.0109,0.90532,0.79951,0.69345,0.58718,0.48073,0.37414,0.26743,0.16064,0.053807,-0.053047,-0.15989,-0.26667,-0.37338,-0.47998,-0.58643,-0.6927,-0.79875,-0.90457,-1.0101,0.32728,0,-0.039212
0.00048146,0,-0.99999,8.0498,7.9262,7.8002,7.6718,7.5412,7.4081,7.2729,7.1354,6.9957,6.854,6.7101,6.5642,6.4163,6.2664,6.1146,5.961,5.8055,5.6483,5.4894,5.3288,5.1666,-0.72882,-0.67614,-0.62326,-0.57025,-0.5172,-0.46414,-0.41115,-0.35829,-0.30564,-0.25325,-0.20118,-0.14952,-0.098284,-0.047576,0.0025504,0.052041,0.10084,0.14888,0.19608,0.24243,0.28784,-0.90739,-0.81348,-0.71931,-0.62493,-0.53036,-0.43562,-0.34076,-0.24578,-0.15074,-0.055644,0.039463,0.13455,0.22962,0.32461,0.41949,0.51425,0.60886,0.70327,0.79746,0.89143,0.98511,1.066,0.96066,0.85499,0.74905,0.64289,0.53654,0.43002,0.32336,0.21661,0.1098,0.0029477,-0.1039,-0.21072,-0.31748,-0.42413,-0.53066,-0.63703,-0.7432,-0.84915,-0.95484,-1.0602,0.29756,0,-0.039354
-0.0087044,0,-0.99995,8.193,8.0581,7.9208,7.781,7.6389,7.4945,7.3478,7.1988,7.0476,6.8943,6.7389,6.5815,6.422,6.2606,6.0973,5.9321,5.7651,5.5964,5.426,5.2538,5.0802,-0.79089,-0.7324,-0.67384,-0.61527,-0.55681,-0.49847,-0.44036,-0.38254,-0.32508,-0.26805,-0.21153,-0.15558,-0.10025,-0.045636,0.008202,0.061206,0.11332,0.16445,0.21455,0.26358,0.31144,-0.84844,-0.75858,-0.66849,-0.57819,-0.48772,-0.3971,-0.30636,-0.21552,-0.12462,-0.033679,0.057267,0.14819,0.23909,0.3299,0.42061,0.5112,0.60163,0.69188,0.78189,0.8717,0.96123,1.0106,0.90508,0.79926,0.6932,0.58694,0.48049,0.3739,0.26719,0.1604,0.053562,-0.053292,-0.16013,-0.26692,-0.37363,-0.48022,-0.58667,-0.69294,-0.79899,-0.90481,-1.0103,-1.1156,0.26868,0,-0.03924
-0.018865,0,-0.9998,8.3475,8.2,8.0501,7.8976,7.7429,7.5857,7.4262,7.2644,7.1005,6.9344,6.7661,6.5958,6.4235,6.2493,6.0731,5.8951,5.7153,5.5337,5.3505,5.1656,4.9792,-0.85909,-0.79397,-0.72894,-0.66406,-0.59946,-0.53516,-0.47128,-0.40787,-0.34503,-0.28282,-0.22133,-0.16062,-0.10077,-0.041855,0.016048,0.072878,0.12857,0.18304,0.23622,0.28807,0.33851,-0.78758,-0.70195,-0.6161,-0.53005,-0.44386,-0.35752,-0.27107,-0.18454,-0.097961,-0.011345,0.07527,0.16186,0.24841,0.33488,0.42124,0.50749,0.59358,0.67948,0.76516,0.85063,0.93583,0.9492,0.8435,0.73754,0.63135,0.52498,0.41844,0.31178,0.20502,0.098197,-0.0086538,-0.1155,-0.22232,-0.32906,-0.43571,-0.54222,-0.64856,-0.75471,-0.86063,-0.96629,-1.0717,-1.1767,0.24074,0,-0.03886
-0.03012,0,-0.99953,8.5153,8.3537,8.1896,8.023,7.854,7.6825,7.5088,7.3327,7.1544,6.9739,6.7913,6.6067,6.42,6.2313,6.0408,5.8484,5.6542,5.4584,5.2609,5.0617,4.861,-0.93462,-0.86188,-0.78942,-0.71733,-0.64571,-0.57463,-0.50419,-0.43446,-0.36554,-0.2975,-0.23044,-0.16443,-0.09955,-0.035884,0.026487,0.087494,0.14707,0.20512,0.26158,0.31641,0.36951,-0.72503,-0.64379,-0.56234,-0.48071,-0.39896,-0.31707,-0.23508,-0.15303,-0.070929,0.011196,0.093314,0.1754,0.25744,0.3394,0.42126,0.50298,0.58456,0.66596,0.74714,0.82811,0.90882,0.88104,0.77517,0.66906,0.56275,0.45627,0.34965,0.24292,0.13612,0.029275,-0.077578,-0.18441,-0.29118,-0.39786,-0.50443,-0.61084,-0.71706,-0.82306,-0.92882,-1.0343,-1.1394,-1.2443,0.21387,0,-0.038207
-0.042619,0,-0.99907,8.699,8.5215,8.3414,8.1588,7.9737,7.7861,7.5962,7.404,7.2095,7.0128,6.814,6.6131,6.4102,6.2053,5.9986,5.79,5.5796,5.3676,5.154,4.9387,4.722,-1.019,-0.93746,-0.8564,-0.77596,-0.69627,-0.61739,-0.53944,-0.46249,-0.38665,-0.31201,-0.23867,-0.16671,-0.096207,-0.027263,0.040038,0.10562,0.16941,0.23131,0.29125,0.34919,0.40502,-0.66102,-0.58432,-0.50743,-0.43039,-0.35323,-0.27594,-0.19858,-0.12116,-0.043701,0.033774,0.11123,0.18866,0.26604,0.34333,0.42051,0.49757,0.57448,0.65121,0.72773,0.80405,0.88011,0.80519,0.69915,0.59289,0.48645,0.37987,0.27317,0.16638,0.05955,-0.047303,-0.15414,-0.26093,-0.36765,-0.47425,-0.5807,-0.68698,-0.79305,-0.89888,-1.0044,-1.1097,-1.2146,-1.3191,0.18818,0,-0.037278
-0.056564,0,-0.99837,8.9022,8.7065,8.5082,8.3073,8.1039,7.898,7.6897,7.479,7.2661,7.051,6.8337,6.6143,6.3929,6.1696,5.9444,5.7174,5.4886,5.2581,5.0262,4.7926,4.5576,-1.1145,-1.0225,-0.9314,-0.84122,-0.75213,-0.66419,-0.57755,-0.49228,-0.40851,-0.32632,-0.24583,-0.16713,-0.090305,-0.015465,0.0573,0.12791,0.19628,0.26231,0.32593,0.38708,0.44566,-0.59579,-0.52378,-0.45161,-0.3793,-0.30688,-0.23436,-0.16177,-0.089129,-0.016464,0.056209,0.12886,0.20147,0.27403,0.3465,0.41886,0.4911,0.56319,0.6351,0.70681,0.77833,0.8496,0.72037,0.61416,0.50775,0.4012,0.29452,0.18775,0.080919,-0.025932,-0.13278,-0.23958,-0.34631,-0.45293,-0.55942,-0.66574,-0.77185,-0.87773,-0.98334,-1.0887,-1.1936,-1.2982,-1.4025,0.16377,0,-0.036073
-0.072226,0,-0.99735,9.1295,8.913,8.6937,8.4717,8.2472,8.0202,7.7908,7.5589,7.3248,7.0884,6.8499,6.6093,6.3666,6.122,5.8756,5.6274,5.3774,5.1258,4.8727,4.6181,4.3621,-1.2239,-1.1196,-1.0166,-0.91487,-0.8147,-0.71612,-0.6193,-0.52433,-0.43134,-0.34044,-0.25174,-0.16535,-0.081351,0.0001214,0.078974,0.15512,0.22847,0.29892,0.36638,0.43081,0.49208,-0.52958,-0.46241,-0.3951,-0.32766,-0.26013,-0.19251,-0.12484,-0.057125,0.010603,0.07833,0.14603,0.21368,0.28128,0.34879,0.41618,0.48346,0.55059,0.61754,0.6843,0.75087,0.8172,0.62485,0.51847,0.41193,0.30526,0.1985,0.091674,-0.015175,-0.12202,-0.22883,-0.33557,-0.4422,-0.5487,-0.65504,-0.76117,-0.86707,-0.97271,-1.0781,-1.1831,-1.2877,-1.392,-1.4958,0.14075,0,-0.034595
-0.089987,0,-0.9959,9.3874,9.1465,8.9028,8.6563,8.4072,8.1556,7.9015,7.6449,7.3861,7.125,6.8617,6.5963,6.3289,6.0596,5.7885,5.5156,5.241,4.9648,4.6871,4.408,4.1275,-1.3514,-1.2322,-1.1148,-0.99926,-0.88582,-0.77457,-0.66567,-0.55924,-0.45541,-0.35431,-0.25607,-0.1608,-0.068605,0.020381,0.10605,0.18832,0.26707,0.34221,0.41364,0.48129,0.54507,-0.46264,-0.40044,-0.33812,-0.27569,-0.21318,-0.1506,-0.087984,-0.025335,0.037321,0.099967,0.16258,0.22514,0.28764,0.35005,0.41235,0.47453,0.53656,0.59843,0.66011,0.7216,0.78286,0.51622,0.40967,0.303,0.19624,0.089418,-0.01743,-0.12427,-0.23108,-0.33781,-0.44445,-0.55094,-0.65727,-0.7634,-0.8693,-0.97493,-1.0803,-1.1853,-1.2899,-1.3942,-1.498,-1.6014,0.1192,0,-0.032851
-0.11039,0,-0.99383,9.6846,9.4149,9.1422,8.8668,8.5887,8.3079,8.0247,7.7389,7.4509,7.1605,6.868,6.5734,6.2768,5.9782,5.6779,5.3758,5.0721,4.7668,4.4602,4.1521,3.8427,-1.5028,-1.3653,-1.2302,-1.0977,-0.96815,-0.84152,-0.71803,-0.59783,-0.48106,-0.36786,-0.25838,-0.15274,-0.051072,0.046498,0.13984,0.22887,0.31345,0.39349,0.46888,0.53956,0.6054,-0.39522,-0.33812,-0.28091,-0.22362,-0.16626,-0.10885,-0.051404,0.0060564,0.063513,0.12095,0.17835,0.2357,0.29298,0.35016,0.40724,0.4642,0.52101,0.57767,0.63414,0.69043,0.7465,0.391,0.28431,0.17754,0.070711,-0.036137,-0.14297,-0.24977,-0.35649,-0.4631,-0.56956,-0.67586,-0.78195,-0.8878,-0.99338,-1.0987,-1.2036,-1.3082,-1.4124,-1.5161,-1.6194,-1.7222,0.099214,0,-0.030852
-0.13423,0,-0.99086,10.034,9.7291,9.4217,9.1114,8.7984,8.4826,8.1643,7.8435,7.5203,7.1948,6.8672,6.5374,6.2057,5.872,5.5366,5.1995,4.8607,4.5206,4.1791,3.8362,3.4922,-1.6866,-1.526,-1.3688,-1.2152,-1.0655,-0.91984,-0.77839,-0.64132,-0.50881,-0.381,-0.25807,-0.14017,-0.02741,0.080042,0.18206,0.27852,0.36932,0.45433,0.53344,0.60658,0.67365,-0.32754,-0.27566,-0.22369,-0.17165,-0.11956,-0.067428,-0.01528,0.036874,0.089015,0.14113,0.1932,0.24521,0.29715,0.349,0.40074,0.45236,0.50385,0.55517,0.60632,0.65731,0.70808,0.24412,0.13733,0.030493,-0.076353,-0.18317,-0.28994,-0.39662,-0.50318,-0.60958,-0.7158,-0.8218,-0.92755,-1.033,-1.1382,-1.243,-1.3474,-1.4514,-1.555,-1.6581,-1.7607,-1.8628,0.080879,0,-0.028608
-0.16269,0,-0.98655,10.452,10.105,9.7547,9.4017,9.0458,8.6871,8.3258,7.9619,7.5957,7.2271,6.8563,6.4834,6.1086,5.7318,5.3534,4.9733,4.5917,4.2087,3.8245,3.439,3.0525,-1.9157,-1.7251,-1.5394,-1.3587,-1.1834,-1.0136,-0.84947,-0.69128,-0.53919,-0.3934,-0.25409,-0.12143,0.0044477,0.12336,0.23516,0.33972,0.43693,0.52664,0.60874,0.68317,0.74981,-0.25985,-0.2133,-0.16667,-0.11998,-0.073272,-0.026532,0.020214,0.066954,0.11367,0.16036,0.20699,0.25356,0.30006,0.34647,0.39277,0.43895,0.48499,0.53089,0.57662,0.62218,0.66755,0.067954,-0.038888,-0.14572,-0.2525,-0.35921,-0.46581,-0.57227,-0.67855,-0.78463,-0.89047,-0.99603,-1.1013,-1.2062,-1.3108,-1.4149,-1.5187,-1.6219,-1.7247,-1.827,-1.9287,-2.0298,0.064267,0,-0.026135
-0.19759,0,-0.98009,10.965,10.565,10.161,9.754,9.3443,8.9316,8.5163,8.0983,7.6779,7.2551,6.8301,6.4031,5.9741,5.5432,5.1107,4.6767,4.2412,3.8044,3.3665,2.9275,2.4877,-2.2097,-1.9793,-1.7557,-1.5392,-1.3301,-1.1287,-0.93514,-0.74974,-0.5727,-0.40423,-0.24455,-0.093845,0.047718,0.17994,0.30267,0.41576,0.51908,0.61248,0.69586,0.76913,0.83219,-0.19237,-0.15123,-0.11005,-0.068822,-0.027583,0.013669,0.054914,0.096144,0.13734,0.1785,0.21961,0.26064,0.3016,0.34247,0.38323,0.42387,0.46439,0.50476,0.54498,0.58503,0.62491,-0.14938,-0.25616,-0.36286,-0.46945,-0.57589,-0.68216,-0.78822,-0.89404,-0.99959,-1.1048,-1.2097,-1.3143,-1.4184,-1.5221,-1.6254,-1.7281,-1.8303,-1.932,-2.0331,-2.1335,-2.2333,0.049447,0,-0.023448
-0.24186,0,-0.96997,11.612,11.142,10.669,10.193,9.7132,9.2306,8.7453,8.2573,7.7668,7.274,6.7789,6.2818,5.7827,5.2819,4.7795,4.2756,3.7703,3.264,2.7568,2.2486,1.7397,-2.6008,-2.3149,-2.0389,-1.7732,-1.5181,-1.2738,-1.0408,-0.81918,-0.60936,-0.41154,-0.22597,-0.052869,0.10757,0.25512,0.38961,0.51088,0.61879,0.7132,0.79398,0.86107,0.91435,-0.1253,-0.089673,-0.054015,-0.018339,0.017339,0.053014,0.088672,0.1243,0.1599,0.19544,0.23093,0.26634,0.30167,0.33692,0.37205,0.40708,0.44199,0.47675,0.51137,0.54584,0.58014,-0.42703,-0.53352,-0.63985,-0.74598,-0.85189,-0.95753,-1.0629,-1.1679,-1.2726,-1.3769,-1.4808,-1.5842,-1.6871,-1.7895,-1.8914,-1.9927,-2.0934,-2.1934,-2.2928,-2.3915,-2.4895,0.03648,0,-0.020564
-0.30028,0,-0.9532,12.452,11.889,11.323,10.753,10.18,9.6034,9.0243,8.4424,7.858,7.2712,6.6821,6.0911,5.4981,4.9035,4.3074,3.71,3.1114,2.512,1.9118,1.3109,0.7099,-3.1422,-2.7756,-2.4237,-2.0871,-1.7663,-1.4615,-1.1732,-0.90171,-0.64736,-0.41045,-0.19129,0.0098516,0.19277,0.35719,0.50294,0.62984,0.73773,0.82647,0.89597,0.94614,0.97692,-0.058836,-0.028799,0.0012506,0.031301,0.061338,0.091359,0.12135,0.15131,0.18122,0.21107,0.24086,0.27058,0.30021,0.32975,0.35919,0.38853,0.41774,0.44683,0.47578,0.50459,0.53324,-0.79712,-0.90287,-1.0083,-1.1135,-1.2184,-1.3228,-1.4269,-1.5305,-1.6337,-1.7363,-1.8384,-1.94,-2.041,-2.1414,-2.2411,-2.3401,-2.4384,-2.536,-2.6328,-2.7288,-2.8239,0.025418,0,-0.017501
-0.381,0,-0.92316,13.572,12.879,12.183,11.482,10.779,10.071,9.3612,8.6482,7.9325,7.2144,6.4941,5.7719,5.0479,4.3223,3.5955,2.8675,2.1386,1.4092,0.7382,0.81375,0.88954,-3.925,-3.4338,-2.9659,-2.5218,-2.1024,-1.7078,-1.3387,-0.99555,-0.67871,-0.38858,-0.12552,0.11014,0.31815,0.49822,0.65014,0.77373,0.86884,0.93534,0.97316,0.98227,0.96263,0.0068506,0.031227,0.055597,0.07995,0.10428,0.12857,0.15283,0.17704,0.2012,0.22529,0.24932,0.27327,0.29714,0.32091,0.34459,0.36816,0.39163,0.41497,0.43818,0.46127,0.48421,-1.3157,-1.4198,-1.5233,-1.6265,-1.7291,-1.8312,-1.9327,-2.0336,-2.134,-2.2336,-2.3326,-2.4309,-2.5285,-2.6253,-2.7212,-2.8164,-2.9107,-3.0041,-3.0966,-3.1881,-3.2787,0.016308,0,-0.014273
-0.49744,0,-0.86381,15.091,14.209,13.322,12.431,11.537,10.638,9.7369,8.8325,7.9254,7.0159,6.1043,5.1908,4.2757,3.3592,2.4419,1.5237,0.94822,1.0612,1.2327,2.1508,3.0684,-5.0964,-4.4016,-3.746,-3.1303,-2.5553,-2.0217,-1.5302,-1.0814,-0.67573,-0.31375,0.0040587,0.27735,0.5058,0.68911,0.82705,0.91947,0.96625,0.96733,0.92272,0.83245,0.69667,0.071633,0.090281,0.1089,0.12749,0.14604,0.16455,0.18301,0.20141,0.21974,0.23802,0.25622,0.27434,0.29237,0.31032,0.32818,0.34593,0.36358,0.38112,0.39854,0.41584,0.43301,-2.0809,-2.1807,-2.2799,-2.3783,-2.476,-2.573,-2.6692,-2.7646,-2.8591,-2.9528,-3.0455,-3.1374,-3.2283,-3.3182,-3.407,-3.4949,-3.5817,-3.6674,-3.7519,-3.8354,-3.9176,0.0091857,0,-0.010897
-0.66555,0,-0.73433,17.053,15.888,14.719,13.544,12.366,11.184,9.9986,8.8102,7.619,6.4254,5.23,4.033,2.8347,1.6356,1.2847,1.4527,1.9635,3.1624,4.3602,5.5569,6.7518,-6.7895,-5.7569,-4.7943,-3.903,-3.0841,-2.3385,-1.6672,-1.071,-0.55056,-0.10658,0.26038,0.54991,0.76168,0.8954,0.9509,0.92814,0.82711,0.64798,0.39098,0.056311,-0.35549,0.13553,0.14837,0.16117,0.17392,0.18662,0.19926,0.21184,0.22435,0.2368,0.24918,0.26148,0.27369,0.28583,0.29788,0.30984,0.3217,0.33347,0.34513,0.35669,0.36814,0.37948,-3.2322,-3.3213,-3.4094,-3.4965,-3.5825,-3.6674,-3.7512,-3.8339,-3.9154,-3.9957,-4.0748,-4.1526,-4.2292,-4.3045,-4.3785,-4.4511,-4.5224,-4.5923,-4.6608,-4.7279,-4.7936,0.0040812,0,-0.0073864
-0.86487,0,-0.45289,18.623,17.105,15.582,14.054,12.521,10.985,9.4461,7.9038,6.3592,4.8126,3.2646,1.7157,1.7213,1.903,2.9327,4.481,6.028,7.573,9.1156,10.656,12.192,-8.258,-6.8075,-5.4773,-4.269,-3.1844,-2.2246,-1.3907,-0.68391,-0.10498,0.34538,0.6666,0.85829,0.92023,0.85233,0.65469,0.32753,-0.12878,-0.71359,-1.4261,-2.2659,-3.2314,0.19889,0.20581,0.21266,0.21945,0.22618,0.23283,0.23941,0.24592,0.25235,0.25871,0.26499,0.27119,0.27731,0.28334,0.28928,0.29514,0.3009,0.30658,0.31216,0.31765,0.32304,-4.7332,-4.7962,-4.8577,-4.9178,-4.9763,-5.0333,-5.0888,-5.1428,-5.1952,-5.246,-5.2951,-5.3427,-5.3887,-5.433,-5.4757,-5.5167,-5.556,-5.5936,-5.6295,-5.6637,-5.6962,0.0010152,0,-0.0037512
-0.96538,0,-0.00022681,17.222,15.516,13.806,12.09,10.372,8.6497,6.9251,5.1984,3.4702,1.8986,1.8973,1.8955,3.4482,5.1765,6.9031,8.6277,10.35,12.069,13.783,15.495,17.201,-7.0077,-5.518,-4.18,-2.9954,-1.9657,-1.092,-0.37559,0.18283,0.58251,0.82299,0.90397,0.82535,0.58721,0.18985,-0.3662,-1.0804,-1.9517,-2.9791,-4.1613,-5.4972,-6.9846,0.26129,0.26215,0.26294,0.26364,0.26426,0.26481,0.26527,0.26565,0.26595,0.26617,0.26631,0.26636,0.26634,0.26623,0.26605,0.26578,0.26543,0.265,0.26449,0.2639,0.26323,-5.8204,-5.8375,-5.8528,-5.8662,-5.8779,-5.8879,-5.896,-5.9023,-5.9068,-5.9095,-5.9105,-5.9096,-5.9069,-5.9024,-5.8962,-5.8881,-5.8782,-5.8666,-5.8531,-5.8379,-5.8209,0,0,0
-0.86584,0,0.45159,12.181,10.648,9.1118,7.5725,6.0312,4.4879,2.9433,1.9014,1.7192,1.6942,3.2395,4.7838,6.3269,7.8679,9.4065,10.942,12.475,14.003,15.528,17.047,18.562,-3.2244,-2.2618,-1.4244,-0.71345,-0.1298,0.32594,0.65314,0.85143,0.92057,0.86045,0.67118,0.35298,-0.093809,-0.66859,-1.3707,-2.1992,-3.1532,-4.2314,-5.4325,-6.7553,-8.1979,0.32115,0.31596,0.31067,0.30528,0.2998,0.29423,0.28857,0.28282,0.27698,0.27106,0.26506,0.25898,0.25281,0.24658,0.24026,0.23387,0.22742,0.22089,0.21429,0.20763,0.20091,-5.7007,-5.6683,-5.6343,-5.5985,-5.561,-5.5219,-5.481,-5.4385,-5.3943,-5.3485,-5.3011,-5.252,-5.2014,-5.1491,-5.0953,-5.0399,-4.983,-4.9246,-4.8647,-4.8033,-4.7404,0.0010152,0,0.0037578
-0.66833,0,0.73195,6.7443,5.5528,4.3594,3.1647,1.9691,1.4512,1.284,1.62,2.8158,4.0109,5.2046,6.3967,7.587,8.775,9.9602,11.142,12.321,13.496,14.667,15.834,16.995,-0.35207,0.058111,0.39158,0.6479,0.82673,0.92789,0.95123,0.89674,0.76447,0.55459,0.26737,-0.096844,-0.53766,-1.0545,-1.6467,-2.3136,-3.0544,-3.868,-4.7536,-5.7102,-6.7365,0.37765,0.36651,0.35525,0.34389,0.33242,0.32085,0.30918,0.29742,0.28557,0.27363,0.26161,0.24951,0.23733,0.22508,0.21276,0.20037,0.18793,0.17542,0.16287,0.15026,0.13761,-4.8078,-4.7425,-4.6757,-4.6075,-4.5378,-4.4668,-4.3945,-4.3208,-4.2457,-4.1694,-4.0918,-4.013,-3.933,-3.8517,-3.7693,-3.6857,-3.601,-3.5152,-3.4283,-3.3404,-3.2515,0.0040812,0,0.0074129
-0.50176,0,0.86135,3.0703,2.1545,1.2383,1.0596,0.94728,1.5129,2.4293,3.3449,4.2595,5.1728,6.0846,6.9944,7.9022,8.8076,9.7102,10.61,11.506,12.399,13.289,14.174,15.055,0.69662,0.83223,0.92249,0.9673,0.96659,0.92036,0.82867,0.69164,0.50943,0.28226,0.010419,-0.30576,-0.66595,-1.0696,-1.5163,-2.0056,-2.5367,-3.109,-3.7218,-4.3746,-5.0663,0.43122,0.41424,0.39714,0.37991,0.36257,0.34511,0.32756,0.3099,0.29215,0.2743,0.25638,0.23838,0.2203,0.20216,0.18395,0.16569,0.14738,0.12903,0.11063,0.092202,0.073746,-3.9411,-3.8591,-3.776,-3.6918,-3.6064,-3.5199,-3.4324,-3.3438,-3.2542,-3.1636,-3.072,-2.9795,-2.8861,-2.7918,-2.6966,-2.6007,-2.5039,-2.4064,-2.3082,-2.2092,-2.1096,0.0091857,0,0.010957
-0.38616,0,0.92102,0.88981,0.81437,0.73915,1.4017,2.1304,2.8585,3.5857,4.3118,5.0366,5.7598,6.4813,7.2008,7.9182,8.6331,9.3454,10.055,10.761,11.464,12.164,12.86,13.552,0.9624,0.98222,0.97337,0.93585,0.86972,0.77505,0.65196,0.5006,0.32115,0.11382,-0.12111,-0.38336,-0.67266,-0.98859,-1.3308,-1.6989,-2.0924,-2.5107,-2.9535,-3.4202,-3.9102,0.48244,0.45969,0.4368,0.41378,0.39063,0.36736,0.34398,0.3205,0.29692,0.27324,0.24949,0.22566,0.20176,0.1778,0.15378,0.12972,0.10561,0.08148,0.057324,0.033145,0.0089592,-3.3075,-3.2173,-3.1261,-3.0339,-2.9408,-2.8467,-2.7519,-2.6562,-2.5596,-2.4623,-2.3643,-2.2655,-2.166,-2.0659,-1.9652,-1.8638,-1.7619,-1.6594,-1.5565,-1.453,-1.3492,0.016308,0,0.014377
-0.30585,0,0.95143,0.70611,1.3069,1.9075,2.5076,3.1069,3.7053,4.3025,4.8984,5.4929,6.0856,6.6765,7.2654,7.8521,8.4363,9.018,9.597,10.173,10.746,11.315,11.882,12.444,0.97702,0.94638,0.89636,0.82701,0.73844,0.63073,0.50403,0.35848,0.19428,0.011603,-0.18931,-0.4082,-0.64486,-0.89894,-1.1701,-1.4582,-1.7627,-2.0832,-2.4194,-2.7709,-3.1373,0.53145,0.50299,0.47438,0.44561,0.41672,0.3877,0.35856,0.32931,0.29996,0.27052,0.241,0.2114,0.18174,0.15202,0.12226,0.092458,0.062627,0.032781,0.0029281,-0.026933,-0.056782,-2.8556,-2.7607,-2.665,-2.5685,-2.4712,-2.3731,-2.2743,-2.1748,-2.0747,-1.9739,-1.8725,-1.7706,-1.6681,-1.5651,-1.4616,-1.3577,-1.2534,-1.1487,-1.0436,-0.93823,-0.83256,0.025418,0,0.017661
-0.24757,0,0.96853,1.7384,2.2474,2.7557,3.2633,3.7697,4.2751,4.7792,5.2818,5.7828,6.282,6.7793,7.2746,7.7677,8.2583,8.7465,9.232,9.7147,10.194,10.671,11.144,11.614,0.91444,0.86118,0.7941,0.7133,0.61889,0.51096,0.38965,0.25512,0.10752,-0.052967,-0.22613,-0.41177,-0.60969,-0.81961,-1.0413,-1.2744,-1.5188,-1.7741,-2.0399,-2.316,-2.6021,0.57828,0.54417,0.50989,0.47546,0.44088,0.40617,0.37134,0.33639,0.30134,0.26619,0.23097,0.19568,0.16032,0.12492,0.089479,0.05401,0.018523,-0.016965,-0.052445,-0.087918,-0.12336,-2.5224,-2.4247,-2.3263,-2.2271,-2.1273,-2.0268,-1.9257,-1.824,-1.7218,-1.619,-1.5157,-1.412,-1.3079,-1.2033,-1.0984,-0.99317,-0.88761,-0.78179,-0.67573,-0.56947,-0.46303,0.03648,0,0.020792
-0.20331,0,0.97891,2.4893,2.9295,3.3689,3.8073,4.2444,4.6803,5.1148,5.5477,5.9789,6.4083,6.8358,7.2611,7.6843,8.1051,8.5234,8.9392,9.3522,9.7624,10.17,10.574,10.975,0.83194,0.76879,0.6954,0.61187,0.51831,0.41483,0.30155,0.17861,0.046161,-0.095639,-0.2466,-0.40656,-0.57532,-0.75267,-0.93838,-1.1323,-1.3341,-1.5435,-1.7603,-1.9843,-2.2152,0.62293,0.58325,0.54338,0.50334,0.46316,0.42283,0.38237,0.34179,0.30112,0.26035,0.2195,0.17858,0.13761,0.096599,0.05556,0.0145,-0.026565,-0.067618,-0.10865,-0.14965,-0.19061,-2.2666,-2.167,-2.0667,-1.9659,-1.8644,-1.7624,-1.6598,-1.5567,-1.4531,-1.3491,-1.2447,-1.14,-1.0348,-0.92937,-0.82363,-0.71765,-0.61145,-0.50506,-0.39851,-0.29185,-0.18509,0.049447,0,0.023751
-0.1683,0,0.98561,3.0575,3.4445,3.8305,4.2153,4.5988,4.981,5.3616,5.7406,6.1178,6.4932,6.8666,7.2379,7.607,7.9738,8.3381,8.6999,9.0591,9.4155,9.769,10.12,10.467,0.74898,0.68215,0.6075,0.52513,0.43516,0.33768,0.23281,0.12068,0.0014292,-0.1248,-0.25785,-0.39756,-0.54378,-0.6963,-0.85493,-1.0195,-1.1898,-1.3657,-1.5468,-1.7331,-1.9242,0.6654,0.62021,0.57483,0.52927,0.48356,0.4377,0.3917,0.34559,0.29937,0.25306,0.20667,0.16022,0.11372,0.067183,0.02063,-0.025933,-0.072489,-0.11902,-0.16551,-0.21196,-0.25834,-2.0626,-1.9617,-1.8602,-1.7582,-1.6555,-1.5524,-1.4489,-1.3448,-1.2404,-1.1356,-1.0304,-0.92497,-0.81921,-0.71321,-0.60699,-0.50059,-0.39403,-0.28736,-0.18059,-0.073772,0.033069,0.064267,0,0.026522
-0.13968,0,0.99011,3.5004,3.845,4.1885,4.5307,4.8714,5.2108,5.5485,5.8846,6.2188,6.5512,6.8815,7.2098,7.5359,7.8597,8.181,8.4999,8.8163,9.1299,9.4406,9.7487,10.054,0.6721,0.60476,0.53132,0.45187,0.36653,0.27537,0.17852,0.076096,-0.031778,-0.14497,-0.26334,-0.38675,-0.51505,-0.64808,-0.78567,-0.92767,-1.0739,-1.2242,-1.3783,-1.5361,-1.6974,0.70567,0.65507,0.60428,0.55329,0.50215,0.45084,0.3994,0.34784,0.29618,0.24442,0.19259,0.1407,0.088761,0.0368,-0.015169,-0.067137,-0.11909,-0.171,-0.22285,-0.27464,-0.32635,-1.8948,-1.7929,-1.6905,-1.5876,-1.4841,-1.3803,-1.276,-1.1713,-1.0662,-0.96085,-0.85519,-0.74926,-0.64311,-0.53676,-0.43025,-0.32361,-0.21686,-0.11006,-0.0032138,0.10363,0.21044,0.080879,0,0.029086
-0.11563,0,0.99323,3.854,4.164,4.4728,4.7802,5.0861,5.3905,5.6932,5.9943,6.2935,6.5907,6.886,7.1792,7.4702,7.7589,8.0452,8.3291,8.6105,8.8892,9.1652,9.4385,9.7088,0.60308,0.5369,0.46587,0.39008,0.30965,0.22464,0.13518,0.041372,-0.056671,-0.15883,-0.26498,-0.37499,-0.48874,-0.60607,-0.72684,-0.85092,-0.97815,-1.1084,-1.2414,-1.3771,-1.5153,0.74377,0.68787,0.63175,0.57545,0.51897,0.46233,0.40555,0.34864,0.29164,0.23454,0.17737,0.12015,0.062882,0.0056014,-0.051677,-0.10894,-0.16618,-0.22336,-0.28046,-0.3375,-0.39442,-1.7531,-1.6505,-1.5473,-1.4437,-1.3397,-1.2352,-1.1304,-1.0252,-0.9197,-0.81393,-0.70791,-0.60167,-0.49526,-0.38869,-0.282,-0.17522,-0.068395,0.038454,0.14529,0.25208,0.3588,0.099214,0,0.031425
-0.094962,0,0.99543,4.1417,4.4229,4.7027,4.9812,5.2581,5.5334,5.807,6.0789,6.3488,6.6169,6.883,7.1469,7.4087,7.6682,7.9254,8.1802,8.4325,8.6822,8.9292,9.1736,9.4151,0.54193,0.47777,0.40972,0.33785,0.26228,0.18306,0.10033,0.014154,-0.07534,-0.16805,-0.26387,-0.36266,-0.46434,-0.56875,-0.67577,-0.78528,-0.89715,-1.0112,-1.1274,-1.2455,-1.3653,0.77973,0.71863,0.65732,0.59579,0.5341,0.47223,0.41023,0.3481,0.28586,0.22353,0.16114,0.098705,0.03623,-0.026254,-0.088726,-0.15117,-0.21358,-0.27591,-0.33816,-0.40031,-0.46234,-1.6309,-1.5276,-1.4239,-1.3198,-1.2153,-1.1104,-1.0051,-0.89956,-0.79374,-0.68767,-0.5814,-0.47495,-0.36835,-0.26164,-0.15485,-0.048016,0.058834,0.16567,0.27245,0.37915,0.48573,0.1192,0,0.033524
-0.076904,0,0.997,4.379,4.6358,4.8912,5.145,5.3973,5.648,5.8969,6.1441,6.3894,6.6327,6.874,7.1132,7.3503,7.5851,7.8176,8.0477,8.2754,8.5005,8.723,8.9429,9.1601,0.48812,0.42643,0.36158,0.29365,0.22274,0.14891,0.07227,-0.0071031,-0.089099,-0.17363,-0.26058,-0.34984,-0.44133,-0.53491,-0.63047,-0.7279,-0.82709,-0.9279,-1.0302,-1.1339,-1.2388,0.81359,0.74743,0.68102,0.61441,0.54762,0.48066,0.41355,0.34631,0.27897,0.21155,0.14406,0.076527,0.0089663,-0.058595,-0.12613,-0.19364,-0.26109,-0.32845,-0.3957,-0.46286,-0.52986,-1.5237,-1.4199,-1.3158,-1.2112,-1.1063,-1.0011,-0.89549,-0.78966,-0.68358,-0.5773,-0.47084,-0.36424,-0.25753,-0.15073,-0.043895,0.062957,0.16979,0.27657,0.38327,0.48985,0.59628,0.14075,0,0.035367
-0.060915,0,0.99811,4.5771,4.8128,5.0472,5.2799,5.5111,5.7406,5.9683,6.1942,6.4182,6.6403,6.8603,7.0783,7.2941,7.5077,7.719,7.9279,8.1345,8.3385,8.54,8.7389,8.9351,0.44089,0.38188,0.32028,0.25618,0.18968,0.12081,0.049701,-0.023588,-0.098957,-0.17632,-0.25557,-0.33662,-0.41939,-0.50374,-0.58959,-0.67684,-0.76538,-0.85508,-0.94583,-1.0376,-1.1302,0.84543,0.77432,0.70297,0.63139,0.55964,0.48771,0.41563,0.34342,0.27112,0.19872,0.12627,0.053783,-0.018729,-0.091233,-0.1637,-0.23613,-0.30849,-0.38074,-0.45287,-0.52489,-0.59673,-1.4284,-1.3243,-1.2198,-1.1149,-1.0097,-0.90413,-0.79831,-0.69225,-0.58599,-0.47954,-0.37295,-0.26624,-0.15945,-0.052616,0.054237,0.16107,0.26786,0.37456,0.48116,0.5876,0.69387,0.16377,0,0.036944
-0.046616,0,0.99889,4.7439,4.9614,5.1773,5.3917,5.6045,5.8155,6.0248,6.2322,6.4378,6.6414,6.8429,7.0424,7.2397,7.4348,7.6277,7.8182,8.0064,8.1921,8.3753,8.556,8.734,0.39947,0.3432,0.28481,0.22438,0.162,0.097716,0.031629,-0.036193,-0.10566,-0.17669,-0.2492,-0.32309,-0.39829,-0.4747,-0.55221,-0.63074,-0.71021,-0.79049,-0.87148,-0.95313,-1.0353,0.87531,0.79939,0.72323,0.64684,0.57026,0.4935,0.4166,0.33957,0.26243,0.18521,0.10794,0.03064,-0.04668,-0.12398,-0.20124,-0.27844,-0.35557,-0.43257,-0.50944,-0.58617,-0.66271,-1.343,-1.2386,-1.1338,-1.0286,-0.9231,-0.81733,-0.71132,-0.60508,-0.49867,-0.3921,-0.28541,-0.17863,-0.0718,0.035052,0.14189,0.24869,0.35542,0.46203,0.5685,0.6748,0.7809,0.18818,0,0.038247
-0.03374,0,0.99941,4.885,5.0864,5.2863,5.4845,5.6811,5.8759,6.069,6.2602,6.4495,6.6368,6.8221,7.0053,7.1864,7.3654,7.542,7.7164,7.8884,8.058,8.2251,8.3898,8.5519,0.36326,0.30971,0.25443,0.19748,0.13895,0.078886,0.017382,-0.045504,-0.10968,-0.17508,-0.24162,-0.30921,-0.37779,-0.44726,-0.51753,-0.58853,-0.66017,-0.73234,-0.80497,-0.878,-0.95128,0.90331,0.82274,0.74191,0.66085,0.57961,0.49817,0.41659,0.33488,0.25307,0.17118,0.089237,0.0072732,-0.074703,-0.15665,-0.23855,-0.32038,-0.40211,-0.48372,-0.56516,-0.64646,-0.72755,-1.266,-1.1612,-1.0561,-0.95073,-0.84503,-0.73908,-0.6329,-0.52653,-0.41999,-0.31333,-0.20657,-0.099753,0.007097,0.11395,0.22076,0.3275,0.43415,0.54067,0.64701,0.75317,0.85909,0.21387,0,0.039269
-0.022089,0,0.99974,5.005,5.1922,5.3777,5.5616,5.7438,5.9243,6.1029,6.2798,6.4546,6.6276,6.7985,6.9673,7.134,7.2986,7.4609,7.6209,7.7786,7.934,8.0869,8.2374,8.3853,0.33163,0.28075,0.22844,0.17478,0.11984,0.063668,0.0063546,-0.05205,-0.11146,-0.17181,-0.23303,-0.29503,-0.35776,-0.42112,-0.48504,-0.54945,-0.61427,-0.67941,-0.74478,-0.81035,-0.87598,0.92954,0.84447,0.75914,0.67357,0.5878,0.50185,0.41575,0.32952,0.24319,0.15678,0.070334,-0.016134,-0.10261,-0.18905,-0.27542,-0.36172,-0.44791,-0.53395,-0.61982,-0.70553,-0.79101,-1.1961,-1.0911,-0.98578,-0.88017,-0.7743,-0.66819,-0.56188,-0.45539,-0.34877,-0.24204,-0.13524,-0.028392,0.078461,0.18529,0.29206,0.39875,0.50531,0.61172,0.71794,0.82394,0.92969,0.24074,0,0.040009
-0.011513,0,0.99992,5.1075,5.2819,5.4546,5.6257,5.7951,5.9627,6.1285,6.2924,6.4544,6.6145,6.7725,6.9284,7.0823,7.234,7.3835,7.5308,7.6757,7.8183,7.9585,8.0964,8.2317,0.304,0.2557,0.20623,0.15566,0.10407,0.051497,-0.0019731,-0.056293,-0.11138,-0.16718,-0.22363,-0.28063,-0.33816,-0.3961,-0.45441,-0.51301,-0.57183,-0.6308,-0.68982,-0.74888,-0.80784,0.95409,0.86469,0.77501,0.68509,0.59498,0.50467,0.41421,0.32363,0.23295,0.14219,0.051401,-0.039406,-0.13021,-0.22097,-0.31166,-0.40226,-0.49274,-0.58306,-0.67319,-0.76315,-0.85285,-1.1325,-1.0273,-0.92181,-0.81604,-0.71002,-0.60378,-0.49736,-0.39079,-0.2841,-0.17732,-0.070485,0.036368,0.14321,0.25001,0.35673,0.46335,0.56982,0.67612,0.78221,0.88807,0.99365,0.26868,0,0.040469
-0.0018964,0,0.99998,5.1952,5.358,5.5193,5.6788,5.8366,5.9927,6.1469,6.2992,6.4497,6.5981,6.7446,6.8889,7.0313,7.1714,7.3094,7.4451,7.5786,7.7098,7.8386,7.965,8.089,0.27992,0.23409,0.18731,0.13965,0.091184,0.041939,-0.007997,-0.058582,-0.10974,-0.16142,-0.21355,-0.26607,-0.31893,-0.37204,-0.42535,-0.47879,-0.53231,-0.58582,-0.63925,-0.69259,-0.74571,0.97707,0.8835,0.78965,0.69555,0.60126,0.50677,0.41213,0.31736,0.2225,0.12757,0.032603,-0.062371,-0.15734,-0.25225,-0.34708,-0.44181,-0.53641,-0.63084,-0.72506,-0.81909,-0.91286,-1.0746,-0.96921,-0.86356,-0.75765,-0.65151,-0.54516,-0.43866,-0.33201,-0.22527,-0.11846,-0.011611,0.095241,0.20206,0.30882,0.41549,0.52203,0.62841,0.7346,0.84057,0.94628,1.0517,0.29756,0,0.040654
0.0068539,0,0.99996,5.2703,5.4227,5.5735,5.7227,5.87,6.0156,6.1593,6.3012,6.4411,6.5791,6.7151,6.849,6.9808,7.1106,7.2381,7.3635,7.4866,7.6074,7.7259,7.8421,7.9558,0.25897,0.21549,0.17126,0.12632,0.080768,0.034606,-0.012072,-0.059233,-0.1068,-0.15473,-0.20296,-0.25142,-0.30009,-0.34886,-0.39769,-0.44653,-0.49532,-0.54398,-0.59245,-0.64072,-0.68867,0.99858,0.90101,0.80317,0.70507,0.60677,0.50827,0.40963,0.31086,0.21199,0.11306,0.014097,-0.084866,-0.18382,-0.28271,-0.3815,-0.48019,-0.57873,-0.67709,-0.77523,-0.87316,-0.97081,-1.0218,-0.91628,-0.8105,-0.70446,-0.59821,-0.49178,-0.3852,-0.27851,-0.17173,-0.064891,0.041963,0.1488,0.2556,0.36232,0.46893,0.57539,0.68168,0.78776,0.8936,0.99917,1.1044,0.32728,0,0.040573
0.014818,0,0.99988,5.3347,5.4777,5.619,5.7586,5.8964,6.0325,6.1667,6.299,6.4294,6.5579,6.6844,6.8088,6.9311,7.0514,7.1695,7.2854,7.3991,7.5105,7.6196,7.7264,7.8309,0.24075,0.19951,0.15769,0.11531,0.072469,0.029166,-0.014504,-0.058517,-0.1028,-0.14731,-0.19199,-0.23677,-0.28164,-0.32649,-0.3713,-0.416,-0.46055,-0.50489,-0.54893,-0.59269,-0.63606,1.0187,0.91734,0.81567,0.71375,0.61163,0.50931,0.40684,0.30425,0.20156,0.098808,-0.0039679,-0.10674,-0.20949,-0.31218,-0.41476,-0.51722,-0.61953,-0.72164,-0.82351,-0.92517,-1.0265,-0.97368,-0.86804,-0.76214,-0.656,-0.54967,-0.44316,-0.33653,-0.22979,-0.12298,-0.01613,0.090723,0.19755,0.30431,0.41098,0.51753,0.62392,0.73012,0.83609,0.94182,1.0473,1.1524,0.35771,0,0.040236
0.022066,0,0.99975,5.3899,5.5243,5.6569,5.7878,5.917,6.0443,6.1698,6.2935,6.4152,6.535,6.6527,6.7685,6.8822,6.9938,7.1032,7.2105,7.3156,7.4185,7.519,7.6174,7.7134,0.22496,0.18585,0.14629,0.10631,0.066,0.025351,-0.015538,-0.056652,-0.097919,-0.1393,-0.18074,-0.22217,-0.26359,-0.3049,-0.34607,-0.38705,-0.4278,-0.46824,-0.50832,-0.54805,-0.58731,1.0376,0.93257,0.82727,0.72171,0.61596,0.51,0.40389,0.29765,0.19133,0.084947,-0.021458,-0.12785,-0.23422,-0.34052,-0.4467,-0.55275,-0.65864,-0.76432,-0.86975,-0.97495,-1.0798,-0.92984,-0.82408,-0.71808,-0.61186,-0.50545,-0.39889,-0.2922,-0.18543,-0.0786,0.028253,0.1351,0.2419,0.34863,0.45526,0.56174,0.66805,0.77417,0.88004,0.98565,1.091,1.1959,0.38872,0,0.039658
0.028662,0,0.99958,5.4372,5.5636,5.6883,5.8113,5.9324,6.0519,6.1694,6.2851,6.3988,6.5106,6.6204,6.7282,6.834,6.9377,7.0392,7.1387,7.2359,7.331,7.4237,7.5143,7.6025,0.2113,0.17422,0.13679,0.099057,0.061105,0.022924,-0.015391,-0.05383,-0.092322,-0.13083,-0.1693,-0.20769,-0.24597,-0.28406,-0.32194,-0.35954,-0.39685,-0.43379,-0.4703,-0.50641,-0.542,1.0552,0.9468,0.83806,0.72906,0.61985,0.51044,0.40088,0.2912,0.18143,0.071596,-0.038249,-0.14808,-0.25788,-0.36759,-0.47719,-0.58665,-0.69593,-0.80499,-0.91379,-1.0223,-1.1306,-0.88989,-0.78404,-0.67795,-0.57165,-0.46518,-0.35857,-0.25185,-0.14505,-0.038206,0.068648,0.17548,0.28226,0.38896,0.49553,0.60195,0.7082,0.81422,0.92,1.0255,1.1307,1.2355,0.42019,0,0.038854
0.034655,0,0.99939,5.4777,5.5968,5.7142,5.8299,5.9437,6.0558,6.166,6.2744,6.3808,6.4853,6.5878,6.6883,6.7868,6.8832,6.9775,7.0697,7.1597,7.2476,7.3332,7.4166,7.4977,0.19952,0.16434,0.12892,0.093293,0.057541,0.021655,-0.014275,-0.05024,-0.086174,-0.12204,-0.1578,-0.19339,-0.22881,-0.26397,-0.29885,-0.33339,-0.36759,-0.40136,-0.43465,-0.4675,-0.49979,1.0718,0.96012,0.84813,0.73587,0.6234,0.51073,0.39792,0.28497,0.17195,0.058862,-0.054233,-0.16731,-0.28035,-0.3933,-0.50611,-0.61879,-0.73128,-0.84354,-0.95552,-1.0672,-1.1786,-0.85355,-0.74761,-0.64145,-0.53509,-0.42857,-0.32191,-0.21516,-0.10834,-0.0014937,0.10536,0.21218,0.31893,0.42559,0.53211,0.63848,0.74465,0.85059,0.95628,1.0617,1.1667,1.2715,0.45199,0,0.037842
0.040081,0,0.99919,5.5123,5.6247,5.7353,5.8443,5.9514,6.0567,6.1602,6.2618,6.3615,6.4593,6.5551,6.6489,6.7407,6.8304,6.918,7.0036,7.087,7.1682,7.2472,7.3241,7.3987,0.18937,0.15599,0.12245,0.088798,0.055101,0.021347,-0.012372,-0.046052,-0.079627,-0.11307,-0.14633,-0.17937,-0.21216,-0.24465,-0.2768,-0.30857,-0.33993,-0.37084,-0.40122,-0.43112,-0.46042,1.0874,0.97261,0.85755,0.74223,0.6267,0.51096,0.39508,0.27907,0.16298,0.046834,-0.069319,-0.18545,-0.30153,-0.41752,-0.53338,-0.64908,-0.76459,-0.87985,-0.99482,-1.1095,-1.2239,-0.82062,-0.71461,-0.60838,-0.50197,-0.3954,-0.28871,-0.18194,-0.075107,0.031747,0.13859,0.24539,0.35212,0.45874,0.56522,0.67153,0.77763,0.8835,0.9891,1.0944,1.1994,1.304,0.48398,0,0.036641
0.045005,0,0.99898,5.5418,5.648,5.7525,5.8552,5.9561,6.0553,6.1525,6.2479,6.3414,6.433,6.5226,6.6102,6.6958,6.7794,6.8609,6.9403,7.0176,7.0928,7.1657,7.2366,7.3052,0.18067,0.14897,0.1172,0.085384,0.0536,0.021827,-0.0098431,-0.041412,-0.072813,-0.10402,-0.13499,-0.16568,-0.19609,-0.22613,-0.25579,-0.28503,-0.31383,-0.34213,-0.36987,-0.39711,-0.42372,1.1019,0.98433,0.86641,0.74821,0.62981,0.5112,0.39244,0.27356,0.1546,0.035585,-0.083434,-0.20242,-0.32137,-0.44021,-0.5589,-0.67744,-0.79577,-0.91385,-1.0316,-1.1491,-1.2663,-0.79071,-0.68463,-0.57835,-0.47189,-0.36528,-0.25857,-0.15177,-0.044933,0.061921,0.16876,0.27554,0.38224,0.48882,0.59526,0.70151,0.80755,0.91335,1.0189,1.1241,1.2289,1.3334,0.51604,0,0.035273
0.049504,0,0.99876,5.567,5.6674,5.7662,5.8632,5.9583,6.0518,6.1433,6.233,6.3207,6.4066,6.4905,6.5724,6.6523,6.7302,6.8061,6.8798,6.9515,7.0211,7.0884,7.1537,7.2168,0.17322,0.14311,0.11299,0.082892,0.05289,0.022955,-0.0068158,-0.036433,-0.065828,-0.094975,-0.12385,-0.15239,-0.1806,-0.20841,-0.2358,-0.26273,-0.2892,-0.31513,-0.34048,-0.3653,-0.38947,1.1156,0.99535,0.87475,0.75388,0.6328,0.5115,0.39006,0.2685,0.14686,0.025168,-0.096524,-0.21818,-0.33979,-0.46129,-0.58264,-0.70382,-0.82479,-0.9455,-1.0659,-1.186,-1.3057,-0.76335,-0.65722,-0.55089,-0.44439,-0.33775,-0.23101,-0.1242,-0.017356,0.089497,0.19632,0.30309,0.40976,0.51631,0.6227,0.7289,0.83488,0.94061,1.046,1.1512,1.2559,1.3603,0.54803,0,0.033757
0.053632,0,0.99855,5.5882,5.6834,5.7768,5.8685,5.9584,6.0465,6.1327,6.2171,6.2996,6.3802,6.4588,6.5354,6.6102,6.6828,6.7534,6.822,6.8885,6.9529,7.0151,7.0753,7.1332,0.16691,0.13829,0.10972,0.081224,0.05288,0.02465,-0.0033608,-0.031173,-0.058717,-0.085969,-0.11291,-0.13947,-0.16568,-0.19144,-0.21676,-0.24159,-0.26592,-0.28971,-0.31288,-0.33551,-0.35747,1.1285,1.0057,0.88263,0.75926,0.6357,0.51191,0.38798,0.26393,0.1398,0.015627,-0.10855,-0.23268,-0.35677,-0.48074,-0.60454,-0.72818,-0.85161,-0.97475,-1.0976,-1.2201,-1.3423,-0.73824,-0.63206,-0.52568,-0.41915,-0.31248,-0.20572,-0.098903,0.007948,0.1148,0.22161,0.32836,0.435,0.54152,0.64787,0.75402,0.85994,0.9656,1.071,1.176,1.2807,1.385,0.57982,0,0.032113
0.057437,0,0.99834,5.6058,5.6961,5.7847,5.8715,5.9565,6.0397,6.121,6.2006,6.2782,6.3539,6.4277,6.4994,6.5693,6.6371,6.703,6.7667,6.8284,6.8881,6.9455,7.001,7.0542,0.16165,0.13442,0.10729,0.080291,0.053487,0.02684,0.00045685,-0.025689,-0.051527,-0.077036,-0.1022,-0.12695,-0.15132,-0.17521,-0.19864,-0.22155,-0.24395,-0.26577,-0.28696,-0.30761,-0.32758,1.1405,1.0155,0.89008,0.76442,0.63856,0.51247,0.38625,0.25989,0.13347,0.0069949,-0.11947,-0.2459,-0.37227,-0.49852,-0.6246,-0.75051,-0.8762,-1.0016,-1.1267,-1.2515,-1.3758,-0.71508,-0.60885,-0.50243,-0.39587,-0.28918,-0.18241,-0.075575,0.031279,0.13812,0.24492,0.35165,0.45827,0.56475,0.67106,0.77717,0.88303,0.98863,1.0939,1.1989,1.3035,1.4077,0.61128,0,0.030362
0.060964,0,0.99813,5.6201,5.7059,5.79,5.8724,5.9528,6.0316,6.1084,6.1834,6.2565,6.3278,6.3971,6.4644,6.5298,6.5932,6.6546,6.7139,6.7712,6.8265,6.8795,6.9307,6.9796,0.15736,0.13143,0.10565,0.080029,0.054654,0.02947,0.0045908,-0.02002,-0.044288,-0.068194,-0.091727,-0.11482,-0.13751,-0.1597,-0.1814,-0.20256,-0.22319,-0.24324,-0.26264,-0.28148,-0.29964,1.1518,1.0246,0.89715,0.76939,0.64141,0.51321,0.38487,0.25641,0.12787,-0.00070929,-0.12928,-0.25781,-0.38628,-0.51463,-0.64281,-0.7708,-0.89857,-1.026,-1.1532,-1.28,-1.4064,-0.69358,-0.58731,-0.48087,-0.37427,-0.26757,-0.16078,-0.053939,0.052915,0.15975,0.26654,0.37325,0.47985,0.58629,0.69256,0.79862,0.90444,1.01,1.1152,1.2201,1.3246,1.4287,0.64229,0,0.028522
0.064257,0,0.99792,5.6313,5.713,5.7929,5.8711,5.9474,6.0221,6.0947,6.1657,6.2347,6.3018,6.367,6.4302,6.4916,6.5509,6.6082,6.6635,6.7168,6.768,6.8171,6.8643,6.9092,0.15401,0.12929,0.10475,0.080414,0.056359,0.032522,0.0090278,-0.014174,-0.037002,-0.059441,-0.081486,-0.10306,-0.12422,-0.14485,-0.16498,-0.18455,-0.20359,-0.22203,-0.23981,-0.25703,-0.27355,1.1624,1.0333,0.90388,0.77419,0.64428,0.51416,0.38389,0.2535,0.12304,-0.007472,-0.13797,-0.26842,-0.39881,-0.52907,-0.65915,-0.78905,-0.91872,-1.0481,-1.1771,-1.3058,-1.4341,-0.67351,-0.5672,-0.46073,-0.35411,-0.24738,-0.14058,-0.033741,0.073113,0.17994,0.28672,0.39341,0.49998,0.6064,0.71263,0.81864,0.92441,1.0299,1.1351,1.2399,1.3443,1.4484,0.67271,0,0.026614
0.067352,0,0.99772,5.6395,5.7174,5.7936,5.868,5.9405,6.0114,6.0803,6.1475,6.2127,6.276,6.3375,6.397,6.4546,6.5102,6.5639,6.6154,6.6651,6.7127,6.7581,6.8016,6.843,0.15155,0.12794,0.10455,0.081393,0.058551,0.035949,0.013722,-0.008192,-0.029706,-0.05081,-0.071499,-0.0917,-0.11147,-0.13069,-0.1494,-0.16754,-0.18513,-0.20212,-0.21843,-0.2342,-0.24925,1.1723,1.0415,0.9103,0.77886,0.64721,0.51533,0.38332,0.25118,0.11897,-0.013287,-0.14553,-0.27772,-0.40985,-0.54185,-0.67367,-0.80529,-0.93668,-1.0678,-1.1985,-1.3289,-1.4589,-0.65463,-0.54829,-0.44179,-0.33515,-0.22841,-0.1216,-0.014752,0.0921,0.19892,0.30569,0.41236,0.5189,0.62529,0.73149,0.83746,0.94318,1.0486,1.1537,1.2585,1.3629,1.4668,0.70242,0,0.024655
0.07028,0,0.99751,5.6448,5.7193,5.7921,5.8631,5.9321,5.9996,6.0651,6.1288,6.1907,6.2506,6.3087,6.3648,6.419,6.4712,6.5215,6.5698,6.6161,6.6604,6.7025,6.7428,6.7808,0.14994,0.12736,0.10502,0.082938,0.061204,0.039727,0.018652,-0.0020925,-0.022414,-0.042306,-0.061771,-0.080728,-0.099244,-0.1172,-0.13463,-0.15148,-0.16778,-0.18347,-0.19846,-0.21292,-0.22665,1.1815,1.0492,0.91644,0.78342,0.6502,0.51675,0.38316,0.24945,0.11566,-0.018161,-0.15198,-0.28573,-0.41943,-0.55299,-0.68637,-0.81955,-0.9525,-1.0851,-1.2174,-1.3494,-1.4809,-0.63676,-0.53039,-0.42386,-0.31721,-0.21045,-0.10363,0.0032194,0.11007,0.21689,0.32364,0.43029,0.53681,0.64316,0.74932,0.85526,0.96093,1.0663,1.1714,1.2761,1.3804,1.4843,0.7313,0,0.022664
0.073068,0,0.99731,5.6472,5.7186,5.7883,5.8562,5.9222,5.9867,6.0491,6.1098,6.1685,6.2254,6.2805,6.3335,6.3848,6.434,6.4813,6.5265,6.5699,6.6112,6.6503,6.6877,6.7228,0.14921,0.12756,0.10617,0.085068,0.064334,0.043867,0.02383,0.0041339,-0.015119,-0.033927,-0.052299,-0.070144,-0.087545,-0.10437,-0.12066,-0.13637,-0.15152,-0.16606,-0.17989,-0.19319,-0.20577,1.1902,1.0564,0.92231,0.7879,0.65328,0.51842,0.38343,0.24831,0.11313,-0.022103,-0.15732,-0.29248,-0.42757,-0.56253,-0.6973,-0.83187,-0.9662,-1.1002,-1.2338,-1.3672,-1.5001,-0.61974,-0.51334,-0.40679,-0.30011,-0.19335,-0.08652,0.020332,0.12718,0.23399,0.34072,0.44735,0.55385,0.66018,0.76631,0.8722,0.97783,1.0832,1.1882,1.2928,1.397,1.5009,0.75923,0,0.020658
0.075735,0,0.99711,5.6467,5.7154,5.7824,5.8476,5.9109,5.9726,6.0323,6.0903,6.1464,6.2006,6.253,6.3034,6.352,6.3985,6.4432,6.4858,6.5266,6.5654,6.6019,6.6367,6.6693,0.14938,0.12855,0.10801,0.08777,0.067923,0.048352,0.029235,0.010463,-0.0078487,-0.025701,-0.043111,-0.05998,-0.076405,-0.092234,-0.10754,-0.12224,-0.1364,-0.14993,-0.16275,-0.17505,-0.18662,1.1983,1.0633,0.92796,0.79231,0.65645,0.52036,0.38413,0.24777,0.11134,-0.025128,-0.16158,-0.29798,-0.43431,-0.5705,-0.70649,-0.8423,-0.97785,-1.1131,-1.2479,-1.3825,-1.5166,-0.60344,-0.49702,-0.39045,-0.28376,-0.17698,-0.070147,0.036706,0.14355,0.25035,0.35707,0.46368,0.57016,0.67645,0.78255,0.8884,0.99399,1.0993,1.2042,1.3088,1.413,1.5167,0.78609,0,0.018656
0.078295,0,0.99692,5.6433,5.7097,5.7743,5.8372,5.8982,5.9576,6.0149,6.0707,6.1245,6.1764,6.2265,6.2745,6.3209,6.3652,6.4076,6.448,6.4865,6.523,6.5573,6.5899,6.6203,0.15039,0.13028,0.11048,0.090997,0.071922,0.053128,0.034807,0.016834,-0.00066254,-0.017691,-0.034274,-0.050301,-0.06589,-0.080869,-0.095326,-0.10917,-0.12247,-0.13515,-0.14711,-0.15856,-0.16926,1.2059,1.0698,0.9334,0.79667,0.65973,0.52256,0.38525,0.2478,0.11029,-0.027259,-0.16479,-0.30227,-0.43968,-0.57695,-0.71402,-0.8509,-0.98752,-1.1238,-1.2597,-1.3954,-1.5305,-0.5878,-0.48135,-0.37476,-0.26805,-0.16127,-0.054429,0.052425,0.15926,0.26605,0.37276,0.47936,0.5858,0.69208,0.79813,0.90395,1.0095,1.1147,1.2196,1.3241,1.4283,1.5319,0.81177,0,0.016673
0.080755,0,0.99672,5.6372,5.7016,5.7643,5.8253,5.8843,5.9418,5.9972,6.051,6.1029,6.1529,6.2011,6.2473,6.2918,6.3342,6.3748,6.4133,6.45,6.4847,6.5171,6.548,6.5765,0.15224,0.13275,0.11357,0.09472,0.076295,0.058149,0.040495,0.023189,0.0063711,-0.0099726,-0.02587,-0.0412,-0.056097,-0.070373,-0.08413,-0.097261,-0.10987,-0.12184,-0.13309,-0.14384,-0.15384,1.213,1.076,0.93866,0.80099,0.66313,0.52502,0.38678,0.2484,0.10996,-0.028526,-0.16699,-0.3054,-0.44374,-0.58194,-0.71994,-0.85774,-0.99529,-1.1325,-1.2693,-1.4059,-1.5419,-0.57276,-0.46629,-0.35968,-0.25296,-0.14616,-0.039321,0.067533,0.17437,0.28115,0.38784,0.49442,0.60084,0.70708,0.81311,0.91889,1.0244,1.1296,1.2344,1.3389,1.4429,1.5466,0.83618,0,0.014728
0.083116,0,0.99652,5.6281,5.6911,5.7523,5.8117,5.8692,5.9253,5.9792,6.0316,6.082,6.1305,6.1773,6.222,6.2651,6.306,6.3452,6.3822,6.4176,6.4509,6.4819,6.5114,6.5386,0.15496,0.13595,0.11727,0.098919,0.081011,0.063374,0.046249,0.029465,0.013179,-0.0026264,-0.017991,-0.032776,-0.047138,-0.060867,-0.074084,-0.086666,-0.098733,-0.11017,-0.12087,-0.13109,-0.14055,1.2197,1.0819,0.94373,0.80529,0.66663,0.52774,0.3887,0.24954,0.11031,-0.028968,-0.16823,-0.30742,-0.44655,-0.58554,-0.72432,-0.86291,-1.0012,-1.1393,-1.2769,-1.4142,-1.551,-0.55832,-0.45183,-0.3452,-0.23847,-0.13166,-0.024817,0.082036,0.18886,0.29563,0.40231,0.50887,0.61527,0.72149,0.82748,0.93323,1.0387,1.1438,1.2486,1.353,1.457,1.5606,0.8592,0,0.012837
0.085374,0,0.99633,5.6165,5.6784,5.7385,5.797,5.8534,5.9085,5.9613,6.0127,6.0621,6.1096,6.1554,6.1991,6.2413,6.2812,6.3194,6.3555,6.3899,6.4223,6.4524,6.481,6.5072,0.15846,0.1398,0.12148,0.10349,0.085957,0.068682,0.051936,0.035518,0.019608,0.0041837,-0.010809,-0.02521,-0.039205,-0.052549,-0.065393,-0.077595,-0.089296,-0.10036,-0.11069,-0.12055,-0.12964,1.2259,1.0874,0.94865,0.80955,0.67025,0.5307,0.39101,0.25119,0.1113,-0.028629,-0.16854,-0.30839,-0.44818,-0.58782,-0.72726,-0.8665,-1.0055,-1.1441,-1.2824,-1.4204,-1.5579,-0.5445,-0.43799,-0.33134,-0.2246,-0.11779,-0.010941,0.09591,0.20273,0.30949,0.41616,0.5227,0.62908,0.73527,0.84123,0.94694,1.0524,1.1575,1.2622,1.3666,1.4705,1.574,0.88075,0,0.011018
0.08752,0,0.99615,5.6024,5.6638,5.7234,5.7814,5.8372,5.8918,5.9441,5.9951,6.0439,6.0909,6.1363,6.1795,6.2212,6.2606,6.2984,6.334,6.368,6.3999,6.4295,6.4577,6.4834,0.16266,0.1442,0.1261,0.10831,0.090997,0.073923,0.057395,0.041179,0.025479,0.010267,-0.0045254,-0.018715,-0.032517,-0.045654,-0.058303,-0.070304,-0.081816,-0.092695,-0.10282,-0.1125,-0.1214,1.2317,1.0927,0.95341,0.81378,0.67395,0.53387,0.39366,0.25331,0.11289,-0.027567,-0.16801,-0.30839,-0.44871,-0.58888,-0.72885,-0.86863,-1.0081,-1.1473,-1.2861,-1.4246,-1.5626,-0.53136,-0.42483,-0.31817,-0.21142,-0.1046,0.00225,0.1091,0.21592,0.32267,0.42932,0.53584,0.6422,0.74836,0.85429,0.95997,1.0653,1.1704,1.2751,1.3794,1.4833,1.5868,0.90073,0,0.0092857
0.089542,0,0.99596,5.5864,5.6478,5.7075,5.7654,5.8213,5.8759,5.9283,5.9792,6.0282,6.0752,6.1206,6.1638,6.2057,6.2452,6.283,6.3187,6.3528,6.3848,6.4144,6.4427,6.4685,0.16743,0.14903,0.13096,0.11322,0.095959,0.078913,0.062427,0.046232,0.030559,0.015377,0.00059646,-0.01357,-0.02737,-0.04049,-0.053142,-0.06513,-0.07665,-0.087536,-0.097651,-0.10735,-0.11625,1.2371,1.0977,0.958,0.81796,0.67773,0.53724,0.39661,0.25585,0.11502,-0.025852,-0.16671,-0.3075,-0.44824,-0.58882,-0.72921,-0.8694,-1.0093,-1.1489,-1.2881,-1.427,-1.5654,-0.51897,-0.41243,-0.30576,-0.199,-0.092175,0.014677,0.12152,0.22833,0.33507,0.44171,0.54822,0.65455,0.76069,0.8666,0.97224,1.0776,1.1826,1.2873,1.3915,1.4954,1.5987,0.91906,0,0.0076578
0.091423,0,0.99579,5.5692,5.6312,5.6915,5.75,5.8064,5.8617,5.9146,5.9662,6.0157,6.0633,6.1094,6.1532,6.1957,6.2358,6.2743,6.3106,6.3453,6.378,6.4082,6.4372,6.4636,0.17255,0.15402,0.13583,0.11796,0.10057,0.083375,0.06675,0.050391,0.034558,0.019215,0.0042521,-0.010081,-0.024079,-0.037378,-0.050229,-0.062403,-0.074131,-0.085224,-0.095528,-0.10545,-0.11455,1.2421,1.1024,0.96241,0.82207,0.68154,0.54074,0.39982,0.25875,0.11761,-0.023564,-0.16473,-0.30583,-0.44687,-0.58777,-0.72846,-0.86896,-1.0092,-1.1491,-1.2886,-1.4278,-1.5666,-0.50745,-0.40089,-0.29421,-0.18744,-0.080613,0.02624,0.13308,0.23989,0.34662,0.45324,0.55973,0.66605,0.77216,0.87804,0.98365,1.089,1.1939,1.2986,1.4028,1.5066,1.6099,0.93567,0,0.0061499
0.093144,0,0.99563,5.5518,5.615,5.6763,5.736,5.7935,5.85,5.904,5.9569,6.0076,6.0563,6.1036,6.1485,6.1923,6.2335,6.2732,6.3106,6.3466,6.3804,6.4118,6.4419,6.4695,0.17772,0.1589,0.14042,0.12224,0.10456,0.087018,0.070073,0.053362,0.037181,0.021487,0.00615,-0.0085436,-0.022936,-0.03661,-0.049859,-0.062415,-0.074552,-0.086049,-0.096744,-0.10708,-0.11658,1.2467,1.1068,0.9666,0.82606,0.68533,0.54433,0.4032,0.26192,0.12058,-0.020805,-0.16218,-0.30349,-0.44474,-0.58585,-0.72675,-0.86746,-1.0079,-1.148,-1.2877,-1.4272,-1.5661,-0.4969,-0.39033,-0.28364,-0.17686,-0.070027,0.036826,0.14367,0.25047,0.35719,0.4638,0.57027,0.67657,0.78266,0.88852,0.9941,1.0994,1.2043,1.3089,1.4131,1.5168,1.6201,0.9505,0,0.0047776
0.094688,0,0.99549,5.5354,5.6002,5.6633,5.7246,5.7838,5.842,5.8977,5.9523,6.0047,6.0551,6.1041,6.1507,6.1962,6.2391,6.2806,6.3196,6.3573,6.3929,6.4258,6.4577,6.4869,0.18258,0.16331,0.14438,0.12573,0.10756,0.089511,0.072066,0.054823,0.03811,0.02188,0.0059804,-0.0092647,-0.024244,-0.038481,-0.052323,-0.065456,-0.078196,-0.090292,-0.10157,-0.11252,-0.12261,1.2508,1.1109,0.97053,0.82988,0.68903,0.54792,0.40667,0.26528,0.12382,-0.017689,-0.15918,-0.30061,-0.44199,-0.58322,-0.72425,-0.86508,-1.0057,-1.1459,-1.2857,-1.4253,-1.5644,-0.48744,-0.38085,-0.27415,-0.16737,-0.060536,0.046318,0.15316,0.25995,0.36666,0.47326,0.57972,0.686,0.79207,0.89791,1.0035,1.1087,1.2136,1.3182,1.4223,1.526,1.6293,0.96347,0,0.0035551
0.096033,0,0.99536,5.5214,5.5884,5.6536,5.7171,5.7783,5.8387,5.8965,5.9532,6.0078,6.0603,6.1115,6.1602,6.2079,6.2529,6.2965,6.3376,6.3775,6.4151,6.4501,6.4841,6.5154,0.1867,0.16684,0.1473,0.12804,0.10925,0.090538,0.072444,0.054513,0.037114,0.020195,0.0035721,-0.012383,-0.028108,-0.043071,-0.057667,-0.071536,-0.085042,-0.097901,-0.10991,-0.12164,-0.13248,1.2545,1.1145,0.97414,0.83345,0.69257,0.55141,0.41013,0.26869,0.12719,-0.014356,-0.1559,-0.29737,-0.43879,-0.58007,-0.72114,-0.86203,-1.0027,-1.143,-1.2828,-1.4225,-1.5616,-0.47919,-0.37259,-0.26589,-0.1591,-0.05226,0.054594,0.16143,0.26822,0.37492,0.48152,0.58796,0.69423,0.80028,0.90609,1.0116,1.1169,1.2217,1.3263,1.4304,1.534,1.6372,0.97453,0,0.0024959
0.097163,0,0.99525,5.5118,5.5812,5.6488,5.7146,5.7782,5.841,5.9012,5.9603,6.0172,6.0721,6.1257,6.1767,6.2268,6.2741,6.3201,6.3636,6.4057,6.4457,6.483,6.5193,6.5528,0.18952,0.16898,0.14875,0.12878,0.10929,0.089816,0.070981,0.052268,0.034087,0.016382,-0.0010583,-0.017818,-0.034386,-0.050171,-0.065619,-0.08032,-0.094691,-0.10841,-0.12126,-0.13385,-0.14553,1.2576,1.1177,0.97733,0.83667,0.69582,0.55469,0.41343,0.27202,0.13055,-0.010972,-0.15249,-0.29393,-0.43534,-0.57659,-0.71765,-0.85851,-0.99913,-1.1394,-1.2793,-1.4189,-1.558,-0.47226,-0.36566,-0.25894,-0.15215,-0.045312,0.061541,0.16838,0.27516,0.38186,0.48844,0.59488,0.70113,0.80717,0.91296,1.0185,1.1237,1.2285,1.333,1.4371,1.5408,1.6439,0.98365,0,0.0016118
0.09806,0,0.99516,5.509,5.5807,5.6505,5.7187,5.7846,5.8497,5.9121,5.9736,6.0328,6.0899,6.1458,6.1991,6.2515,6.3011,6.3493,6.395,6.4394,6.4817,6.5211,6.5596,6.5953,0.19036,0.16914,0.14822,0.12753,0.10733,0.087107,0.067531,0.04804,0.029083,0.010599,-0.0076559,-0.025208,-0.042615,-0.059208,-0.075498,-0.091018,-0.10624,-0.1208,-0.13447,-0.14792,-0.16043,1.2601,1.1202,0.97995,0.83938,0.69862,0.55758,0.41641,0.27509,0.1337,-0.0077395,-0.14917,-0.29054,-0.43186,-0.57303,-0.71401,-0.85479,-0.99534,-1.1355,-1.2753,-1.4149,-1.5539,-0.46676,-0.36015,-0.25343,-0.14663,-0.039792,0.067061,0.17389,0.28067,0.38737,0.49394,0.60037,0.70661,0.81264,0.91842,1.0239,1.1291,1.234,1.3384,1.4425,1.5461,1.6493,0.99078,0,0.00091305
0.098712,0,0.99509,5.5167,5.5901,5.6615,5.7313,5.7987,5.8655,5.9295,5.9926,6.0533,6.112,6.1696,6.2244,6.2784,6.3295,6.3794,6.4265,6.4725,6.5163,6.5571,6.5972,6.6342,0.18808,0.16635,0.1449,0.12368,0.10295,0.082164,0.062042,0.041969,0.022444,0.0033902,-0.015466,-0.033591,-0.051614,-0.068789,-0.085689,-0.10179,-0.11763,-0.1328,-0.14705,-0.16109,-0.17418,1.2616,1.1219,0.98177,0.84134,0.70072,0.55983,0.4188,0.27762,0.13637,-0.0049269,-0.14622,-0.28745,-0.42863,-0.56967,-0.71051,-0.85116,-0.99157,-1.1316,-1.2713,-1.4107,-1.5496,-0.46276,-0.35614,-0.24942,-0.14262,-0.035782,0.071071,0.1779,0.28468,0.39137,0.49794,0.60436,0.71059,0.81661,0.92238,1.0279,1.133,1.2379,1.3423,1.4464,1.55,1.6531,0.9959,0,0.00040786
0.099106,0,0.99505,5.5034,5.5813,5.6572,5.7315,5.8034,5.8748,5.9432,6.0109,6.0761,6.1393,6.2014,6.2606,6.3192,6.3747,6.429,6.4805,6.531,6.5791,6.6244,6.6687,6.7101,0.192,0.16896,0.1462,0.12362,0.1015,0.079269,0.057695,0.03612,0.015075,-0.0055171,-0.025956,-0.04567,-0.065322,-0.084116,-0.10268,-0.12043,-0.13795,-0.15481,-0.17075,-0.1865,-0.20127,1.2617,1.1222,0.98231,0.84209,0.70169,0.561,0.42019,0.27922,0.13818,-0.0029042,-0.14399,-0.285,-0.42598,-0.56681,-0.70745,-0.84789,-0.9881,-1.128,-1.2674,-1.4066,-1.5453,-0.46034,-0.35372,-0.247,-0.1402,-0.033355,0.073497,0.18033,0.2871,0.39379,0.50036,0.60677,0.713,0.81902,0.92478,1.0303,1.1354,1.2403,1.3447,1.4487,1.5523,1.6555,0.99897,0,0.00010228
